[0m00:15:34.911365 [debug] [MainThread]: Sending event: {'category': 'dbt', 'action': 'invocation', 'label': 'start', 'context': [<snowplow_tracker.self_describing_json.SelfDescribingJson object at 0x000001FF5848EE40>, <snowplow_tracker.self_describing_json.SelfDescribingJson object at 0x000001FF567F1340>, <snowplow_tracker.self_describing_json.SelfDescribingJson object at 0x000001FF5848F5F0>]}


============================== 00:15:35.027674 | 4baf3aec-1552-4c76-b00f-f7ae78bbaae2 ==============================
[0m00:15:35.027674 [info ] [MainThread]: Running with dbt=1.12.3
[0m00:15:35.028675 [debug] [MainThread]: running dbt with arguments {'maximum_seed_size_mib': '1', 'no_print': 'None', 'static_parser': 'True', 'target_path': 'None', 'version_check': 'True', 'warn_error_options': 'WarnErrorOptionsV2(error=[], warn=[], silence=[])', 'printer_width': '80', 'write_json': 'True', 'empty': 'False', 'log_cache_events': 'False', 'introspect': 'True', 'cache_selected_only': 'False', 'fail_fast': 'False', 'debug': 'False', 'log_format': 'default', 'profiles_dir': 'C:\\Users\\aliha\\PortFlow\\.worktrees\\portflow-v1\\analytics', 'send_anonymous_usage_stats': 'True', 'quiet': 'False', 'warn_error': 'None', 'partial_parse': 'True', 'indirect_selection': 'eager', 'hints_enabled': 'True', 'use_colors': 'True', 'use_experimental_parser': 'False', 'invocation_command': 'dbt build --project-dir C:\\Users\\aliha\\PortFlow\\.worktrees\\portflow-v1\\analytics --profiles-dir C:\\Users\\aliha\\PortFlow\\.worktrees\\portflow-v1\\analytics', 'log_path': 'C:\\Users\\aliha\\PortFlow\\.worktrees\\portflow-v1\\analytics\\logs'}
[0m00:15:35.595269 [debug] [MainThread]: Sending event: {'category': 'dbt', 'action': 'project_id', 'label': '4baf3aec-1552-4c76-b00f-f7ae78bbaae2', 'context': [<snowplow_tracker.self_describing_json.SelfDescribingJson object at 0x000001FF5859EFF0>]}
[0m00:15:35.648569 [debug] [MainThread]: Sending event: {'category': 'dbt', 'action': 'adapter_info', 'label': '4baf3aec-1552-4c76-b00f-f7ae78bbaae2', 'context': [<snowplow_tracker.self_describing_json.SelfDescribingJson object at 0x000001FF5877EAE0>]}
[0m00:15:35.651546 [info ] [MainThread]: Registered adapter: duckdb=1.11.0
[0m00:15:35.888692 [debug] [MainThread]: checksum: b05aab5c2af063589c6b5af0c31607f23c8ad4a4255e91037594bb796d335020, vars: {}, profile: portflow, target: local, version: 1.12.3
[0m00:15:35.890596 [info ] [MainThread]: Unable to do partial parsing because saved manifest not found. Starting full parse.
[0m00:15:35.890596 [debug] [MainThread]: Sending event: {'category': 'dbt', 'action': 'partial_parser', 'label': '4baf3aec-1552-4c76-b00f-f7ae78bbaae2', 'context': [<snowplow_tracker.self_describing_json.SelfDescribingJson object at 0x000001FF58735C40>]}
[0m00:15:39.696818 [warn ] [MainThread]: [[33mWARNING[0m][MissingArgumentsPropertyInGenericTestDeprecation]: Deprecated
functionality
Found top-level arguments to test `accepted_values` defined on
'fct_equipment_telemetry' in package 'portflow' (models\schema.yml). Arguments
to generic tests should be nested under the `arguments` property.
[0m00:15:39.697894 [debug] [MainThread]: Sending event: {'category': 'dbt', 'action': 'deprecation', 'label': '4baf3aec-1552-4c76-b00f-f7ae78bbaae2', 'property_': 'warn', 'context': [<snowplow_tracker.self_describing_json.SelfDescribingJson object at 0x000001FF5870C470>]}
[0m00:15:39.920593 [debug] [MainThread]: Sending event: {'category': 'dbt', 'action': 'load_project', 'label': '4baf3aec-1552-4c76-b00f-f7ae78bbaae2', 'context': [<snowplow_tracker.self_describing_json.SelfDescribingJson object at 0x000001FF59EEE540>]}
[0m00:15:40.092359 [debug] [MainThread]: Wrote artifact WritableManifest to C:\Users\aliha\PortFlow\.worktrees\portflow-v1\analytics\target\manifest.json
[0m00:15:40.130947 [debug] [MainThread]: Wrote artifact SemanticManifest to C:\Users\aliha\PortFlow\.worktrees\portflow-v1\analytics\target\semantic_manifest.json
[0m00:15:40.569848 [debug] [MainThread]: Wrote artifact OsiDocument to C:\Users\aliha\PortFlow\.worktrees\portflow-v1\analytics\target\osi_document.json
[0m00:15:41.038497 [debug] [MainThread]: Sending event: {'category': 'dbt', 'action': 'resource_counts', 'label': '4baf3aec-1552-4c76-b00f-f7ae78bbaae2', 'context': [<snowplow_tracker.self_describing_json.SelfDescribingJson object at 0x000001FF5A0E1550>]}
[0m00:15:41.039496 [info ] [MainThread]: Found 9 models, 22 data tests, 500 macros
[0m00:15:41.108971 [info ] [MainThread]: 
[0m00:15:41.109970 [info ] [MainThread]: Concurrency: 1 threads (target='local')
[0m00:15:41.109970 [info ] [MainThread]: 
[0m00:15:41.110970 [debug] [MainThread]: Acquiring new duckdb connection 'master'
[0m00:15:41.115743 [debug] [ThreadPool]: Acquiring new duckdb connection 'list_portflow'
[0m00:15:44.766093 [debug] [ThreadPool]: Using duckdb connection "list_portflow"
[0m00:15:44.766983 [debug] [ThreadPool]: On list_portflow: /* {"app": "dbt", "dbt_version": "1.12.3", "profile_name": "portflow", "target_name": "local", "connection_name": "list_portflow"} */

    
    select schema_name
    from system.information_schema.schemata
    
    where lower(catalog_name) = '"portflow"'
    
  
  
[0m00:15:44.767983 [debug] [ThreadPool]: Opening a new connection, currently in state init
[0m00:15:44.812911 [debug] [ThreadPool]: DuckDB adapter: duckdb error: IO Error: Cannot open file "C:\Users\aliha\AppData\Local\Temp\pytest-of-aliha\pytest-98\test_dbt_builds_gold_models_an0\gold\portflow.duckdb": The system cannot find the path specified.

[0m00:15:44.812911 [debug] [ThreadPool]: DuckDB adapter: Error running SQL: /* {"app": "dbt", "dbt_version": "1.12.3", "profile_name": "portflow", "target_name": "local", "connection_name": "list_portflow"} */

    
    select schema_name
    from system.information_schema.schemata
    
    where lower(catalog_name) = '"portflow"'
    
  
  
[0m00:15:44.813913 [debug] [ThreadPool]: DuckDB adapter: Rolling back transaction.
[0m00:15:44.813913 [debug] [ThreadPool]: Opening a new connection, currently in state init
[0m00:15:44.827295 [debug] [ThreadPool]: DuckDB adapter: duckdb error: IO Error: Cannot open file "C:\Users\aliha\AppData\Local\Temp\pytest-of-aliha\pytest-98\test_dbt_builds_gold_models_an0\gold\portflow.duckdb": The system cannot find the path specified.

[0m00:15:44.828313 [debug] [ThreadPool]: DuckDB adapter: Error running SQL: macro list_schemas
[0m00:15:44.828313 [debug] [ThreadPool]: DuckDB adapter: Rolling back transaction.
[0m00:15:44.829302 [debug] [ThreadPool]: Opening a new connection, currently in state init
[0m00:15:44.843343 [debug] [MainThread]: Connection 'master' was properly closed.
[0m00:15:44.843343 [debug] [MainThread]: Connection 'list_portflow' was properly closed.
[0m00:15:44.844774 [info ] [MainThread]: 
[0m00:15:44.844774 [info ] [MainThread]: Finished running  in 0 hours 0 minutes and 3.73 seconds (3.73s).
[0m00:15:44.845824 [error] [MainThread]: [[31mERROR[0m]: Encountered an error:
IO Error: Cannot open file "C:\Users\aliha\AppData\Local\Temp\pytest-of-aliha\pytest-98\test_dbt_builds_gold_models_an0\gold\portflow.duckdb": The system cannot find the path specified.

[0m00:15:44.883051 [error] [MainThread]: Traceback (most recent call last):
  File "C:\Users\aliha\PortFlow\.worktrees\portflow-v1\.venv\Lib\site-packages\dbt\adapters\duckdb\connections.py", line 110, in exception_handler
    yield
  File "C:\Users\aliha\PortFlow\.worktrees\portflow-v1\.venv\Lib\site-packages\dbt\adapters\sql\connections.py", line 147, in add_query
    cursor = connection.handle.cursor()
             ^^^^^^^^^^^^^^^^^
  File "C:\Users\aliha\PortFlow\.worktrees\portflow-v1\.venv\Lib\site-packages\dbt\adapters\contracts\connection.py", line 96, in handle
    self._handle.resolve(self)
  File "C:\Users\aliha\PortFlow\.worktrees\portflow-v1\.venv\Lib\site-packages\dbt\adapters\contracts\connection.py", line 120, in resolve
    return self.opener(connection)
           ^^^^^^^^^^^^^^^^^^^^^^^
  File "C:\Users\aliha\PortFlow\.worktrees\portflow-v1\.venv\Lib\site-packages\dbt\adapters\duckdb\connections.py", line 68, in open
    connection.handle = cls._ENV.handle()
                        ^^^^^^^^^^^^^^^^^
  File "C:\Users\aliha\PortFlow\.worktrees\portflow-v1\.venv\Lib\site-packages\dbt\adapters\duckdb\environments\local.py", line 79, in handle
    self.conn = self.initialize_db(self.creds, self._plugins)
                ^^^^^^^^^^^^^^^^^^^^^^^^^^^^^^^^^^^^^^^^^^^^^
  File "C:\Users\aliha\PortFlow\.worktrees\portflow-v1\.venv\Lib\site-packages\dbt\adapters\duckdb\environments\__init__.py", line 164, in initialize_db
    conn = duckdb.connect(creds.path, read_only=False, config=config)
           ^^^^^^^^^^^^^^^^^^^^^^^^^^^^^^^^^^^^^^^^^^^^^^^^^^^^^^^^^^
_duckdb.IOException: IO Error: Cannot open file "C:\Users\aliha\AppData\Local\Temp\pytest-of-aliha\pytest-98\test_dbt_builds_gold_models_an0\gold\portflow.duckdb": The system cannot find the path specified.


During handling of the above exception, another exception occurred:

Traceback (most recent call last):
  File "C:\Users\aliha\PortFlow\.worktrees\portflow-v1\.venv\Lib\site-packages\dbt\adapters\duckdb\connections.py", line 110, in exception_handler
    yield
  File "C:\Users\aliha\PortFlow\.worktrees\portflow-v1\.venv\Lib\site-packages\dbt\adapters\base\impl.py", line 1372, in execute_macro
    result = macro_function(**kwargs)
             ^^^^^^^^^^^^^^^^^^^^^^^^
  File "C:\Users\aliha\PortFlow\.worktrees\portflow-v1\.venv\Lib\site-packages\dbt_common\clients\jinja.py", line 427, in __call__
    return self.call_macro(*args, **kwargs)
           ^^^^^^^^^^^^^^^^^^^^^^^^^^^^^^^^
  File "C:\Users\aliha\PortFlow\.worktrees\portflow-v1\.venv\Lib\site-packages\dbt_common\clients\jinja.py", line 395, in call_macro
    return macro(*args, **kwargs)
           ^^^^^^^^^^^^^^^^^^^^^^
  File "C:\Users\aliha\PortFlow\.worktrees\portflow-v1\.venv\Lib\site-packages\jinja2\runtime.py", line 770, in __call__
    return self._invoke(arguments, autoescape)
           ^^^^^^^^^^^^^^^^^^^^^^^^^^^^^^^^^^^
  File "C:\Users\aliha\PortFlow\.worktrees\portflow-v1\.venv\Lib\site-packages\jinja2\runtime.py", line 784, in _invoke
    rv = self._func(*arguments)
         ^^^^^^^^^^^^^^^^^^^^^^
  File "<template>", line 20, in macro
  File "C:\Users\aliha\PortFlow\.worktrees\portflow-v1\.venv\Lib\site-packages\jinja2\sandbox.py", line 401, in call
    return __context.call(__obj, *args, **kwargs)
           ^^^^^^^^^^^^^^^^^^^^^^^^^^^^^^^^^^^^^^
  File "C:\Users\aliha\PortFlow\.worktrees\portflow-v1\.venv\Lib\site-packages\jinja2\runtime.py", line 303, in call
    return __obj(*args, **kwargs)
           ^^^^^^^^^^^^^^^^^^^^^^
  File "C:\Users\aliha\PortFlow\.worktrees\portflow-v1\.venv\Lib\site-packages\dbt\clients\jinja.py", line 151, in __call__
    return self.call_macro(*args, **kwargs)
           ^^^^^^^^^^^^^^^^^^^^^^^^^^^^^^^^
  File "C:\Users\aliha\PortFlow\.worktrees\portflow-v1\.venv\Lib\site-packages\dbt_common\clients\jinja.py", line 395, in call_macro
    return macro(*args, **kwargs)
           ^^^^^^^^^^^^^^^^^^^^^^
  File "C:\Users\aliha\PortFlow\.worktrees\portflow-v1\.venv\Lib\site-packages\jinja2\runtime.py", line 770, in __call__
    return self._invoke(arguments, autoescape)
           ^^^^^^^^^^^^^^^^^^^^^^^^^^^^^^^^^^^
  File "C:\Users\aliha\PortFlow\.worktrees\portflow-v1\.venv\Lib\site-packages\jinja2\runtime.py", line 784, in _invoke
    rv = self._func(*arguments)
         ^^^^^^^^^^^^^^^^^^^^^^
  File "<template>", line 50, in macro
  File "C:\Users\aliha\PortFlow\.worktrees\portflow-v1\.venv\Lib\site-packages\jinja2\sandbox.py", line 401, in call
    return __context.call(__obj, *args, **kwargs)
           ^^^^^^^^^^^^^^^^^^^^^^^^^^^^^^^^^^^^^^
  File "C:\Users\aliha\PortFlow\.worktrees\portflow-v1\.venv\Lib\site-packages\jinja2\runtime.py", line 303, in call
    return __obj(*args, **kwargs)
           ^^^^^^^^^^^^^^^^^^^^^^
  File "C:\Users\aliha\PortFlow\.worktrees\portflow-v1\.venv\Lib\site-packages\dbt\clients\jinja.py", line 151, in __call__
    return self.call_macro(*args, **kwargs)
           ^^^^^^^^^^^^^^^^^^^^^^^^^^^^^^^^
  File "C:\Users\aliha\PortFlow\.worktrees\portflow-v1\.venv\Lib\site-packages\dbt_common\clients\jinja.py", line 395, in call_macro
    return macro(*args, **kwargs)
           ^^^^^^^^^^^^^^^^^^^^^^
  File "C:\Users\aliha\PortFlow\.worktrees\portflow-v1\.venv\Lib\site-packages\jinja2\runtime.py", line 770, in __call__
    return self._invoke(arguments, autoescape)
           ^^^^^^^^^^^^^^^^^^^^^^^^^^^^^^^^^^^
  File "C:\Users\aliha\PortFlow\.worktrees\portflow-v1\.venv\Lib\site-packages\jinja2\runtime.py", line 784, in _invoke
    rv = self._func(*arguments)
         ^^^^^^^^^^^^^^^^^^^^^^
  File "<template>", line 33, in macro
  File "C:\Users\aliha\PortFlow\.worktrees\portflow-v1\.venv\Lib\site-packages\jinja2\sandbox.py", line 401, in call
    return __context.call(__obj, *args, **kwargs)
           ^^^^^^^^^^^^^^^^^^^^^^^^^^^^^^^^^^^^^^
  File "C:\Users\aliha\PortFlow\.worktrees\portflow-v1\.venv\Lib\site-packages\jinja2\runtime.py", line 303, in call
    return __obj(*args, **kwargs)
           ^^^^^^^^^^^^^^^^^^^^^^
  File "C:\Users\aliha\PortFlow\.worktrees\portflow-v1\.venv\Lib\site-packages\dbt\clients\jinja.py", line 151, in __call__
    return self.call_macro(*args, **kwargs)
           ^^^^^^^^^^^^^^^^^^^^^^^^^^^^^^^^
  File "C:\Users\aliha\PortFlow\.worktrees\portflow-v1\.venv\Lib\site-packages\dbt_common\clients\jinja.py", line 395, in call_macro
    return macro(*args, **kwargs)
           ^^^^^^^^^^^^^^^^^^^^^^
  File "C:\Users\aliha\PortFlow\.worktrees\portflow-v1\.venv\Lib\site-packages\jinja2\runtime.py", line 770, in __call__
    return self._invoke(arguments, autoescape)
           ^^^^^^^^^^^^^^^^^^^^^^^^^^^^^^^^^^^
  File "C:\Users\aliha\PortFlow\.worktrees\portflow-v1\.venv\Lib\site-packages\jinja2\runtime.py", line 784, in _invoke
    rv = self._func(*arguments)
         ^^^^^^^^^^^^^^^^^^^^^^
  File "<template>", line 52, in macro
  File "C:\Users\aliha\PortFlow\.worktrees\portflow-v1\.venv\Lib\site-packages\jinja2\sandbox.py", line 401, in call
    return __context.call(__obj, *args, **kwargs)
           ^^^^^^^^^^^^^^^^^^^^^^^^^^^^^^^^^^^^^^
  File "C:\Users\aliha\PortFlow\.worktrees\portflow-v1\.venv\Lib\site-packages\jinja2\runtime.py", line 303, in call
    return __obj(*args, **kwargs)
           ^^^^^^^^^^^^^^^^^^^^^^
  File "C:\Users\aliha\PortFlow\.worktrees\portflow-v1\.venv\Lib\site-packages\dbt_common\record.py", line 538, in record_replay_wrapper
    return func_to_record(*call_args, **kwargs)
           ^^^^^^^^^^^^^^^^^^^^^^^^^^^^^^^^^^^^
  File "C:\Users\aliha\PortFlow\.worktrees\portflow-v1\.venv\Lib\site-packages\dbt\adapters\base\impl.py", line 523, in execute
    return self.connections.execute(sql=sql, auto_begin=auto_begin, fetch=fetch, limit=limit)
           ^^^^^^^^^^^^^^^^^^^^^^^^^^^^^^^^^^^^^^^^^^^^^^^^^^^^^^^^^^^^^^^^^^^^^^^^^^^^^^^^^^
  File "C:\Users\aliha\PortFlow\.worktrees\portflow-v1\.venv\Lib\site-packages\dbt\adapters\duckdb\connections.py", line 145, in execute
    return super().execute(sql, auto_begin, fetch, limit)
           ^^^^^^^^^^^^^^^^^^^^^^^^^^^^^^^^^^^^^^^^^^^^^^
  File "C:\Users\aliha\PortFlow\.worktrees\portflow-v1\.venv\Lib\site-packages\dbt\adapters\sql\connections.py", line 219, in execute
    _, cursor = self.add_query(sql, auto_begin)
                ^^^^^^^^^^^^^^^^^^^^^^^^^^^^^^^
  File "C:\Users\aliha\PortFlow\.worktrees\portflow-v1\.venv\Lib\site-packages\dbt\adapters\sql\connections.py", line 131, in add_query
    with self.exception_handler(sql):
  File "C:\Users\aliha\AppData\Local\Programs\Python\Python312\Lib\contextlib.py", line 158, in __exit__
    self.gen.throw(value)
  File "C:\Users\aliha\PortFlow\.worktrees\portflow-v1\.venv\Lib\site-packages\dbt\adapters\duckdb\connections.py", line 117, in exception_handler
    self.rollback_if_open()
  File "C:\Users\aliha\PortFlow\.worktrees\portflow-v1\.venv\Lib\site-packages\dbt\adapters\base\connections.py", line 125, in rollback_if_open
    if conn is not None and conn.handle and conn.transaction_open:
                            ^^^^^^^^^^^
  File "C:\Users\aliha\PortFlow\.worktrees\portflow-v1\.venv\Lib\site-packages\dbt\adapters\contracts\connection.py", line 96, in handle
    self._handle.resolve(self)
  File "C:\Users\aliha\PortFlow\.worktrees\portflow-v1\.venv\Lib\site-packages\dbt\adapters\contracts\connection.py", line 120, in resolve
    return self.opener(connection)
           ^^^^^^^^^^^^^^^^^^^^^^^
  File "C:\Users\aliha\PortFlow\.worktrees\portflow-v1\.venv\Lib\site-packages\dbt\adapters\duckdb\connections.py", line 68, in open
    connection.handle = cls._ENV.handle()
                        ^^^^^^^^^^^^^^^^^
  File "C:\Users\aliha\PortFlow\.worktrees\portflow-v1\.venv\Lib\site-packages\dbt\adapters\duckdb\environments\local.py", line 79, in handle
    self.conn = self.initialize_db(self.creds, self._plugins)
                ^^^^^^^^^^^^^^^^^^^^^^^^^^^^^^^^^^^^^^^^^^^^^
  File "C:\Users\aliha\PortFlow\.worktrees\portflow-v1\.venv\Lib\site-packages\dbt\adapters\duckdb\environments\__init__.py", line 164, in initialize_db
    conn = duckdb.connect(creds.path, read_only=False, config=config)
           ^^^^^^^^^^^^^^^^^^^^^^^^^^^^^^^^^^^^^^^^^^^^^^^^^^^^^^^^^^
_duckdb.IOException: IO Error: Cannot open file "C:\Users\aliha\AppData\Local\Temp\pytest-of-aliha\pytest-98\test_dbt_builds_gold_models_an0\gold\portflow.duckdb": The system cannot find the path specified.


During handling of the above exception, another exception occurred:

Traceback (most recent call last):
  File "C:\Users\aliha\PortFlow\.worktrees\portflow-v1\.venv\Lib\site-packages\dbt\cli\requires.py", line 198, in wrapper
    result, success = func(*args, **kwargs)
                      ^^^^^^^^^^^^^^^^^^^^^
  File "C:\Users\aliha\PortFlow\.worktrees\portflow-v1\.venv\Lib\site-packages\dbt\cli\requires.py", line 144, in wrapper
    return func(*args, **kwargs)
           ^^^^^^^^^^^^^^^^^^^^^
  File "C:\Users\aliha\PortFlow\.worktrees\portflow-v1\.venv\Lib\site-packages\dbt\cli\requires.py", line 295, in wrapper
    return func(*args, **kwargs)
           ^^^^^^^^^^^^^^^^^^^^^
  File "C:\Users\aliha\PortFlow\.worktrees\portflow-v1\.venv\Lib\site-packages\dbt\cli\requires.py", line 340, in wrapper
    return func(*args, **kwargs)
           ^^^^^^^^^^^^^^^^^^^^^
  File "C:\Users\aliha\PortFlow\.worktrees\portflow-v1\.venv\Lib\site-packages\dbt\cli\requires.py", line 387, in wrapper
    return func(*args, **kwargs)
           ^^^^^^^^^^^^^^^^^^^^^
  File "C:\Users\aliha\PortFlow\.worktrees\portflow-v1\.venv\Lib\site-packages\dbt\cli\requires.py", line 404, in wrapper
    return func(*args, **kwargs)
           ^^^^^^^^^^^^^^^^^^^^^
  File "C:\Users\aliha\PortFlow\.worktrees\portflow-v1\.venv\Lib\site-packages\dbt\cli\main.py", line 224, in build
    results = task.run()
              ^^^^^^^^^^
  File "C:\Users\aliha\PortFlow\.worktrees\portflow-v1\.venv\Lib\site-packages\dbt\task\runnable.py", line 775, in run
    result = self.execute_with_hooks(selected_uids)
             ^^^^^^^^^^^^^^^^^^^^^^^^^^^^^^^^^^^^^^
  File "C:\Users\aliha\PortFlow\.worktrees\portflow-v1\.venv\Lib\site-packages\dbt\task\runnable.py", line 701, in execute_with_hooks
    before_run_status = self.before_run(adapter, selected_uids)
                        ^^^^^^^^^^^^^^^^^^^^^^^^^^^^^^^^^^^^^^^
  File "C:\Users\aliha\PortFlow\.worktrees\portflow-v1\.venv\Lib\site-packages\dbt\task\build.py", line 72, in before_run
    return super().before_run(adapter, selected_uids)
           ^^^^^^^^^^^^^^^^^^^^^^^^^^^^^^^^^^^^^^^^^^
  File "C:\Users\aliha\PortFlow\.worktrees\portflow-v1\.venv\Lib\site-packages\dbt\task\run.py", line 1313, in before_run
    self.create_schemas(adapter, required_schemas)
  File "C:\Users\aliha\PortFlow\.worktrees\portflow-v1\.venv\Lib\site-packages\dbt\task\runnable.py", line 883, in create_schemas
    existing_schemas_lowered.update(ls_future.result())
                                    ^^^^^^^^^^^^^^^^^^
  File "C:\Users\aliha\AppData\Local\Programs\Python\Python312\Lib\concurrent\futures\_base.py", line 449, in result
    return self.__get_result()
           ^^^^^^^^^^^^^^^^^^^
  File "C:\Users\aliha\AppData\Local\Programs\Python\Python312\Lib\concurrent\futures\_base.py", line 401, in __get_result
    raise self._exception
  File "C:\Users\aliha\AppData\Local\Programs\Python\Python312\Lib\concurrent\futures\thread.py", line 58, in run
    result = self.fn(*self.args, **self.kwargs)
             ^^^^^^^^^^^^^^^^^^^^^^^^^^^^^^^^^^
  File "C:\Users\aliha\PortFlow\.worktrees\portflow-v1\.venv\Lib\site-packages\dbt_common\utils\executor.py", line 20, in connected
    return func(*args, **kwargs)
           ^^^^^^^^^^^^^^^^^^^^^
  File "C:\Users\aliha\PortFlow\.worktrees\portflow-v1\.venv\Lib\site-packages\dbt\task\runnable.py", line 858, in list_schemas
    for s in adapter.list_schemas(database_quoted)
             ^^^^^^^^^^^^^^^^^^^^^^^^^^^^^^^^^^^^^
  File "C:\Users\aliha\PortFlow\.worktrees\portflow-v1\.venv\Lib\site-packages\dbt\adapters\sql\impl.py", line 219, in list_schemas
    results = self.execute_macro(LIST_SCHEMAS_MACRO_NAME, kwargs={"database": database})
              ^^^^^^^^^^^^^^^^^^^^^^^^^^^^^^^^^^^^^^^^^^^^^^^^^^^^^^^^^^^^^^^^^^^^^^^^^^
  File "C:\Users\aliha\PortFlow\.worktrees\portflow-v1\.venv\Lib\site-packages\dbt\adapters\base\impl.py", line 1371, in execute_macro
    with self.connections.exception_handler(f"macro {macro_name}"):
  File "C:\Users\aliha\AppData\Local\Programs\Python\Python312\Lib\contextlib.py", line 158, in __exit__
    self.gen.throw(value)
  File "C:\Users\aliha\PortFlow\.worktrees\portflow-v1\.venv\Lib\site-packages\dbt\adapters\duckdb\connections.py", line 117, in exception_handler
    self.rollback_if_open()
  File "C:\Users\aliha\PortFlow\.worktrees\portflow-v1\.venv\Lib\site-packages\dbt\adapters\base\connections.py", line 125, in rollback_if_open
    if conn is not None and conn.handle and conn.transaction_open:
                            ^^^^^^^^^^^
  File "C:\Users\aliha\PortFlow\.worktrees\portflow-v1\.venv\Lib\site-packages\dbt\adapters\contracts\connection.py", line 96, in handle
    self._handle.resolve(self)
  File "C:\Users\aliha\PortFlow\.worktrees\portflow-v1\.venv\Lib\site-packages\dbt\adapters\contracts\connection.py", line 120, in resolve
    return self.opener(connection)
           ^^^^^^^^^^^^^^^^^^^^^^^
  File "C:\Users\aliha\PortFlow\.worktrees\portflow-v1\.venv\Lib\site-packages\dbt\adapters\duckdb\connections.py", line 68, in open
    connection.handle = cls._ENV.handle()
                        ^^^^^^^^^^^^^^^^^
  File "C:\Users\aliha\PortFlow\.worktrees\portflow-v1\.venv\Lib\site-packages\dbt\adapters\duckdb\environments\local.py", line 79, in handle
    self.conn = self.initialize_db(self.creds, self._plugins)
                ^^^^^^^^^^^^^^^^^^^^^^^^^^^^^^^^^^^^^^^^^^^^^
  File "C:\Users\aliha\PortFlow\.worktrees\portflow-v1\.venv\Lib\site-packages\dbt\adapters\duckdb\environments\__init__.py", line 164, in initialize_db
    conn = duckdb.connect(creds.path, read_only=False, config=config)
           ^^^^^^^^^^^^^^^^^^^^^^^^^^^^^^^^^^^^^^^^^^^^^^^^^^^^^^^^^^
_duckdb.IOException: IO Error: Cannot open file "C:\Users\aliha\AppData\Local\Temp\pytest-of-aliha\pytest-98\test_dbt_builds_gold_models_an0\gold\portflow.duckdb": The system cannot find the path specified.


[0m00:15:44.884044 [warn ] [MainThread]: [[33mWARNING[0m][DeprecationsSummary]: Deprecated functionality
Summary of encountered deprecations:
- MissingArgumentsPropertyInGenericTestDeprecation: 5 occurrences
To see all deprecation instances instead of just the first occurrence of each,
run command again with the `--show-all-deprecations` flag. You may also need to
run with `--no-partial-parse` as some deprecations are only encountered during
parsing.
[0m00:15:44.884943 [debug] [MainThread]: Command `dbt build` failed at 00:15:44.884943 after 10.21 seconds
[0m00:15:44.884943 [debug] [MainThread]: Sending event: {'category': 'dbt', 'action': 'invocation', 'label': 'end', 'context': [<snowplow_tracker.self_describing_json.SelfDescribingJson object at 0x000001FF58461A30>, <snowplow_tracker.self_describing_json.SelfDescribingJson object at 0x000001FF5A174D10>, <snowplow_tracker.self_describing_json.SelfDescribingJson object at 0x000001FF5A174DA0>]}
[0m00:15:44.884943 [debug] [MainThread]: Flushing usage events
[0m00:15:45.874182 [debug] [MainThread]: An error was encountered while trying to flush usage events
[0m00:16:00.499271 [debug] [MainThread]: Sending event: {'category': 'dbt', 'action': 'invocation', 'label': 'start', 'context': [<snowplow_tracker.self_describing_json.SelfDescribingJson object at 0x000002A79265EB40>, <snowplow_tracker.self_describing_json.SelfDescribingJson object at 0x000002A78FF91820>, <snowplow_tracker.self_describing_json.SelfDescribingJson object at 0x000002A790405580>]}


============================== 00:16:00.506743 | c7a06575-4453-4107-9113-6edf752177a0 ==============================
[0m00:16:00.506743 [info ] [MainThread]: Running with dbt=1.12.3
[0m00:16:00.507830 [debug] [MainThread]: running dbt with arguments {'maximum_seed_size_mib': '1', 'no_print': 'None', 'version_check': 'True', 'warn_error_options': 'WarnErrorOptionsV2(error=[], warn=[], silence=[])', 'target_path': 'None', 'static_parser': 'True', 'printer_width': '80', 'write_json': 'True', 'empty': 'False', 'log_cache_events': 'False', 'introspect': 'True', 'cache_selected_only': 'False', 'log_format': 'default', 'debug': 'False', 'fail_fast': 'False', 'profiles_dir': 'C:\\Users\\aliha\\PortFlow\\.worktrees\\portflow-v1\\analytics', 'send_anonymous_usage_stats': 'True', 'quiet': 'False', 'warn_error': 'None', 'partial_parse': 'True', 'indirect_selection': 'eager', 'hints_enabled': 'True', 'invocation_command': 'dbt build --project-dir C:\\Users\\aliha\\PortFlow\\.worktrees\\portflow-v1\\analytics --profiles-dir C:\\Users\\aliha\\PortFlow\\.worktrees\\portflow-v1\\analytics', 'use_experimental_parser': 'False', 'use_colors': 'True', 'log_path': 'C:\\Users\\aliha\\PortFlow\\.worktrees\\portflow-v1\\analytics\\logs'}
[0m00:16:00.778499 [debug] [MainThread]: Sending event: {'category': 'dbt', 'action': 'project_id', 'label': 'c7a06575-4453-4107-9113-6edf752177a0', 'context': [<snowplow_tracker.self_describing_json.SelfDescribingJson object at 0x000002A79273EE10>]}
[0m00:16:00.850529 [debug] [MainThread]: Sending event: {'category': 'dbt', 'action': 'adapter_info', 'label': 'c7a06575-4453-4107-9113-6edf752177a0', 'context': [<snowplow_tracker.self_describing_json.SelfDescribingJson object at 0x000002A792618E90>]}
[0m00:16:00.854066 [info ] [MainThread]: Registered adapter: duckdb=1.11.0
[0m00:16:01.058845 [debug] [MainThread]: checksum: b05aab5c2af063589c6b5af0c31607f23c8ad4a4255e91037594bb796d335020, vars: {}, profile: portflow, target: local, version: 1.12.3
[0m00:16:01.243061 [info ] [MainThread]: Unable to do partial parsing because profile has changed
[0m00:16:01.244063 [debug] [MainThread]: Sending event: {'category': 'dbt', 'action': 'partial_parser', 'label': 'c7a06575-4453-4107-9113-6edf752177a0', 'context': [<snowplow_tracker.self_describing_json.SelfDescribingJson object at 0x000002A79493BCE0>]}
[0m00:16:02.660898 [warn ] [MainThread]: [[33mWARNING[0m][MissingArgumentsPropertyInGenericTestDeprecation]: Deprecated
functionality
Found top-level arguments to test `accepted_values` defined on
'fct_equipment_telemetry' in package 'portflow' (models\schema.yml). Arguments
to generic tests should be nested under the `arguments` property.
[0m00:16:02.661909 [debug] [MainThread]: Sending event: {'category': 'dbt', 'action': 'deprecation', 'label': 'c7a06575-4453-4107-9113-6edf752177a0', 'property_': 'warn', 'context': [<snowplow_tracker.self_describing_json.SelfDescribingJson object at 0x000002A794DB3080>]}
[0m00:16:02.893644 [debug] [MainThread]: Sending event: {'category': 'dbt', 'action': 'load_project', 'label': 'c7a06575-4453-4107-9113-6edf752177a0', 'context': [<snowplow_tracker.self_describing_json.SelfDescribingJson object at 0x000002A794B6C6E0>]}
[0m00:16:02.978552 [debug] [MainThread]: Wrote artifact WritableManifest to C:\Users\aliha\PortFlow\.worktrees\portflow-v1\analytics\target\manifest.json
[0m00:16:02.982089 [debug] [MainThread]: Wrote artifact SemanticManifest to C:\Users\aliha\PortFlow\.worktrees\portflow-v1\analytics\target\semantic_manifest.json
[0m00:16:03.018444 [debug] [MainThread]: Wrote artifact OsiDocument to C:\Users\aliha\PortFlow\.worktrees\portflow-v1\analytics\target\osi_document.json
[0m00:16:03.053735 [debug] [MainThread]: Sending event: {'category': 'dbt', 'action': 'resource_counts', 'label': 'c7a06575-4453-4107-9113-6edf752177a0', 'context': [<snowplow_tracker.self_describing_json.SelfDescribingJson object at 0x000002A794DDC6E0>]}
[0m00:16:03.053735 [info ] [MainThread]: Found 9 models, 22 data tests, 500 macros
[0m00:16:03.057251 [info ] [MainThread]: 
[0m00:16:03.057251 [info ] [MainThread]: Concurrency: 1 threads (target='local')
[0m00:16:03.058250 [info ] [MainThread]: 
[0m00:16:03.058250 [debug] [MainThread]: Acquiring new duckdb connection 'master'
[0m00:16:03.065096 [debug] [ThreadPool]: Acquiring new duckdb connection 'list_portflow'
[0m00:16:03.219001 [debug] [ThreadPool]: Using duckdb connection "list_portflow"
[0m00:16:03.265058 [debug] [ThreadPool]: On list_portflow: /* {"app": "dbt", "dbt_version": "1.12.3", "profile_name": "portflow", "target_name": "local", "connection_name": "list_portflow"} */

    
    select schema_name
    from system.information_schema.schemata
    
    where lower(catalog_name) = '"portflow"'
    
  
  
[0m00:16:03.266068 [debug] [ThreadPool]: Opening a new connection, currently in state init
[0m00:16:03.336674 [debug] [ThreadPool]: SQL status: OK in 0.070 seconds
[0m00:16:03.341160 [debug] [ThreadPool]: On list_portflow: Close
[0m00:16:03.343174 [debug] [ThreadPool]: Re-using an available connection from the pool (formerly list_portflow, now create_portflow_main)
[0m00:16:03.344170 [debug] [ThreadPool]: Creating schema "database: "portflow"
schema: "main"
"
[0m00:16:03.353396 [debug] [ThreadPool]: Using duckdb connection "create_portflow_main"
[0m00:16:03.353396 [debug] [ThreadPool]: On create_portflow_main: /* {"app": "dbt", "dbt_version": "1.12.3", "profile_name": "portflow", "target_name": "local", "connection_name": "create_portflow_main"} */

    
        select type from duckdb_databases()
        where lower(database_name)='portflow'
        and type != 'duckdb'
    
  
[0m00:16:03.353396 [debug] [ThreadPool]: Opening a new connection, currently in state closed
[0m00:16:03.355182 [debug] [ThreadPool]: SQL status: OK in 0.002 seconds
[0m00:16:03.357344 [debug] [ThreadPool]: Using duckdb connection "create_portflow_main"
[0m00:16:03.357851 [debug] [ThreadPool]: On create_portflow_main: BEGIN
[0m00:16:03.357851 [debug] [ThreadPool]: SQL status: OK in 0.000 seconds
[0m00:16:03.358858 [debug] [ThreadPool]: Using duckdb connection "create_portflow_main"
[0m00:16:03.358858 [debug] [ThreadPool]: On create_portflow_main: /* {"app": "dbt", "dbt_version": "1.12.3", "profile_name": "portflow", "target_name": "local", "connection_name": "create_portflow_main"} */

    
    
        create schema if not exists "portflow"."main"
    
[0m00:16:03.361465 [debug] [ThreadPool]: SQL status: OK in 0.002 seconds
[0m00:16:03.362476 [debug] [ThreadPool]: On create_portflow_main: COMMIT
[0m00:16:03.362476 [debug] [ThreadPool]: Using duckdb connection "create_portflow_main"
[0m00:16:03.362476 [debug] [ThreadPool]: On create_portflow_main: COMMIT
[0m00:16:03.363489 [debug] [ThreadPool]: SQL status: OK in 0.000 seconds
[0m00:16:03.363489 [debug] [ThreadPool]: On create_portflow_main: Close
[0m00:16:03.364472 [debug] [ThreadPool]: Acquiring new duckdb connection 'list_portflow_main'
[0m00:16:03.368512 [debug] [ThreadPool]: Using duckdb connection "list_portflow_main"
[0m00:16:03.368512 [debug] [ThreadPool]: On list_portflow_main: BEGIN
[0m00:16:03.369516 [debug] [ThreadPool]: Opening a new connection, currently in state init
[0m00:16:03.369516 [debug] [ThreadPool]: SQL status: OK in 0.001 seconds
[0m00:16:03.370512 [debug] [ThreadPool]: Using duckdb connection "list_portflow_main"
[0m00:16:03.370512 [debug] [ThreadPool]: On list_portflow_main: /* {"app": "dbt", "dbt_version": "1.12.3", "profile_name": "portflow", "target_name": "local", "connection_name": "list_portflow_main"} */
select
      'portflow' as database,
      table_name as name,
      table_schema as schema,
      CASE table_type
        WHEN 'BASE TABLE' THEN 'table'
        WHEN 'VIEW' THEN 'view'
        WHEN 'LOCAL TEMPORARY' THEN 'table'
        END as type
    from system.information_schema.tables
    where lower(table_schema) = 'main'
    and lower(table_catalog) = 'portflow'
  
[0m00:16:03.380209 [debug] [ThreadPool]: SQL status: OK in 0.009 seconds
[0m00:16:03.381727 [debug] [ThreadPool]: On list_portflow_main: ROLLBACK
[0m00:16:03.382776 [debug] [ThreadPool]: On list_portflow_main: Close
[0m00:16:03.382776 [debug] [MainThread]: Sending event: {'category': 'dbt', 'action': 'runnable_timing', 'label': 'c7a06575-4453-4107-9113-6edf752177a0', 'context': [<snowplow_tracker.self_describing_json.SelfDescribingJson object at 0x000002A794C30F20>]}
[0m00:16:03.383773 [debug] [MainThread]: Using duckdb connection "master"
[0m00:16:03.383773 [debug] [MainThread]: On master: BEGIN
[0m00:16:03.383773 [debug] [MainThread]: Opening a new connection, currently in state init
[0m00:16:03.384788 [debug] [MainThread]: SQL status: OK in 0.000 seconds
[0m00:16:03.384788 [debug] [MainThread]: On master: COMMIT
[0m00:16:03.384788 [debug] [MainThread]: Using duckdb connection "master"
[0m00:16:03.384788 [debug] [MainThread]: On master: COMMIT
[0m00:16:03.385789 [debug] [MainThread]: SQL status: OK in 0.000 seconds
[0m00:16:03.385789 [debug] [MainThread]: On master: Close
[0m00:16:03.394323 [debug] [Thread-1 (]: Began running node model.portflow.stg_alarms
[0m00:16:03.395320 [info ] [Thread-1 (]: 1 of 31 START sql view model main.stg_alarms ................................... [RUN]
[0m00:16:03.395320 [debug] [Thread-1 (]: Acquiring new duckdb connection 'model.portflow.stg_alarms'
[0m00:16:03.396321 [debug] [Thread-1 (]: Began compiling node model.portflow.stg_alarms
[0m00:16:03.399837 [debug] [Thread-1 (]: Writing injected SQL for node "model.portflow.stg_alarms"
[0m00:16:03.402652 [debug] [Thread-1 (]: Began executing node model.portflow.stg_alarms
[0m00:16:03.424552 [debug] [Thread-1 (]: Writing runtime sql for node "model.portflow.stg_alarms"
[0m00:16:03.426663 [debug] [Thread-1 (]: Using duckdb connection "model.portflow.stg_alarms"
[0m00:16:03.428058 [debug] [Thread-1 (]: On model.portflow.stg_alarms: BEGIN
[0m00:16:03.428058 [debug] [Thread-1 (]: Opening a new connection, currently in state init
[0m00:16:03.429081 [debug] [Thread-1 (]: SQL status: OK in 0.001 seconds
[0m00:16:03.429081 [debug] [Thread-1 (]: Using duckdb connection "model.portflow.stg_alarms"
[0m00:16:03.429081 [debug] [Thread-1 (]: On model.portflow.stg_alarms: /* {"app": "dbt", "dbt_version": "1.12.3", "profile_name": "portflow", "target_name": "local", "node_id": "model.portflow.stg_alarms"} */

  
  create view "portflow"."main"."stg_alarms__dbt_tmp" as (
    

select
    cast(alarm_id as varchar) as alarm_id,
    cast(equipment_id as varchar) as equipment_id,
    cast(severity as varchar) as severity,
    cast(code as varchar) as code,
    cast(opened_at as timestamptz) as opened_at,
    cast(cleared_at as timestamptz) as cleared_at,
    cast(created_at as timestamptz) as created_at,
    cast(updated_at as timestamptz) as updated_at,
    cast(source_table as varchar) as source_table,
    cast(extraction_run_id as varchar) as extraction_run_id,
    cast(source_updated_at as timestamptz) as source_updated_at,
    cast(extracted_at as timestamptz) as extracted_at
from read_parquet('C:/Users/aliha/AppData/Local/Temp/pytest-of-aliha/pytest-99/test_dbt_builds_gold_models_an0/silver/alarms/**/*.parquet', union_by_name=true)
  );

[0m00:16:03.436726 [debug] [Thread-1 (]: SQL status: OK in 0.007 seconds
[0m00:16:03.443444 [debug] [Thread-1 (]: Using duckdb connection "model.portflow.stg_alarms"
[0m00:16:03.444445 [debug] [Thread-1 (]: On model.portflow.stg_alarms: /* {"app": "dbt", "dbt_version": "1.12.3", "profile_name": "portflow", "target_name": "local", "node_id": "model.portflow.stg_alarms"} */
alter view "portflow"."main"."stg_alarms__dbt_tmp" rename to "stg_alarms"
[0m00:16:03.445444 [debug] [Thread-1 (]: SQL status: OK in 0.001 seconds
[0m00:16:03.453982 [debug] [Thread-1 (]: On model.portflow.stg_alarms: COMMIT
[0m00:16:03.453982 [debug] [Thread-1 (]: Using duckdb connection "model.portflow.stg_alarms"
[0m00:16:03.453982 [debug] [Thread-1 (]: On model.portflow.stg_alarms: COMMIT
[0m00:16:03.458622 [debug] [Thread-1 (]: SQL status: OK in 0.004 seconds
[0m00:16:03.463141 [debug] [Thread-1 (]: Using duckdb connection "model.portflow.stg_alarms"
[0m00:16:03.463141 [debug] [Thread-1 (]: On model.portflow.stg_alarms: /* {"app": "dbt", "dbt_version": "1.12.3", "profile_name": "portflow", "target_name": "local", "node_id": "model.portflow.stg_alarms"} */

      drop view if exists "portflow"."main"."stg_alarms__dbt_backup" cascade
    
[0m00:16:03.464140 [debug] [Thread-1 (]: SQL status: OK in 0.000 seconds
[0m00:16:03.465141 [debug] [Thread-1 (]: On model.portflow.stg_alarms: Close
[0m00:16:03.485337 [debug] [Thread-1 (]: Sending event: {'category': 'dbt', 'action': 'run_model', 'label': 'c7a06575-4453-4107-9113-6edf752177a0', 'context': [<snowplow_tracker.self_describing_json.SelfDescribingJson object at 0x000002A78F9533B0>]}
[0m00:16:03.486341 [info ] [Thread-1 (]: 1 of 31 OK created sql view model main.stg_alarms .............................. [[32mOK[0m in 0.07s]
[0m00:16:03.487342 [debug] [Thread-1 (]: Finished running node model.portflow.stg_alarms
[0m00:16:03.488346 [debug] [Thread-1 (]: Began running node model.portflow.stg_container_movements
[0m00:16:03.488346 [info ] [Thread-1 (]: 2 of 31 START sql view model main.stg_container_movements ...................... [RUN]
[0m00:16:03.489347 [debug] [Thread-1 (]: Re-using an available connection from the pool (formerly model.portflow.stg_alarms, now model.portflow.stg_container_movements)
[0m00:16:03.489347 [debug] [Thread-1 (]: Began compiling node model.portflow.stg_container_movements
[0m00:16:03.491963 [debug] [Thread-1 (]: Writing injected SQL for node "model.portflow.stg_container_movements"
[0m00:16:03.493697 [debug] [Thread-1 (]: Began executing node model.portflow.stg_container_movements
[0m00:16:03.495719 [debug] [Thread-1 (]: Writing runtime sql for node "model.portflow.stg_container_movements"
[0m00:16:03.497706 [debug] [Thread-1 (]: Using duckdb connection "model.portflow.stg_container_movements"
[0m00:16:03.497706 [debug] [Thread-1 (]: On model.portflow.stg_container_movements: BEGIN
[0m00:16:03.497706 [debug] [Thread-1 (]: Opening a new connection, currently in state closed
[0m00:16:03.497706 [debug] [Thread-1 (]: SQL status: OK in 0.001 seconds
[0m00:16:03.499153 [debug] [Thread-1 (]: Using duckdb connection "model.portflow.stg_container_movements"
[0m00:16:03.499153 [debug] [Thread-1 (]: On model.portflow.stg_container_movements: /* {"app": "dbt", "dbt_version": "1.12.3", "profile_name": "portflow", "target_name": "local", "node_id": "model.portflow.stg_container_movements"} */

  
  create view "portflow"."main"."stg_container_movements__dbt_tmp" as (
    

select
    cast(movement_id as varchar) as movement_id,
    cast(terminal_id as varchar) as terminal_id,
    cast(equipment_id as varchar) as equipment_id,
    cast(movement_type as varchar) as movement_type,
    cast(container_ref as varchar) as container_ref,
    cast(event_timestamp as timestamptz) as event_timestamp,
    cast(created_at as timestamptz) as created_at,
    cast(updated_at as timestamptz) as updated_at,
    cast(source_table as varchar) as source_table,
    cast(extraction_run_id as varchar) as extraction_run_id,
    cast(source_updated_at as timestamptz) as source_updated_at,
    cast(extracted_at as timestamptz) as extracted_at
from read_parquet('C:/Users/aliha/AppData/Local/Temp/pytest-of-aliha/pytest-99/test_dbt_builds_gold_models_an0/silver/container_movements/**/*.parquet', union_by_name=true)
  );

[0m00:16:03.502689 [debug] [Thread-1 (]: SQL status: OK in 0.003 seconds
[0m00:16:03.504293 [debug] [Thread-1 (]: Using duckdb connection "model.portflow.stg_container_movements"
[0m00:16:03.504293 [debug] [Thread-1 (]: On model.portflow.stg_container_movements: /* {"app": "dbt", "dbt_version": "1.12.3", "profile_name": "portflow", "target_name": "local", "node_id": "model.portflow.stg_container_movements"} */
alter view "portflow"."main"."stg_container_movements__dbt_tmp" rename to "stg_container_movements"
[0m00:16:03.505408 [debug] [Thread-1 (]: SQL status: OK in 0.000 seconds
[0m00:16:03.506411 [debug] [Thread-1 (]: On model.portflow.stg_container_movements: COMMIT
[0m00:16:03.506411 [debug] [Thread-1 (]: Using duckdb connection "model.portflow.stg_container_movements"
[0m00:16:03.506411 [debug] [Thread-1 (]: On model.portflow.stg_container_movements: COMMIT
[0m00:16:03.508943 [debug] [Thread-1 (]: SQL status: OK in 0.002 seconds
[0m00:16:03.510458 [debug] [Thread-1 (]: Using duckdb connection "model.portflow.stg_container_movements"
[0m00:16:03.510458 [debug] [Thread-1 (]: On model.portflow.stg_container_movements: /* {"app": "dbt", "dbt_version": "1.12.3", "profile_name": "portflow", "target_name": "local", "node_id": "model.portflow.stg_container_movements"} */

      drop view if exists "portflow"."main"."stg_container_movements__dbt_backup" cascade
    
[0m00:16:03.511544 [debug] [Thread-1 (]: SQL status: OK in 0.000 seconds
[0m00:16:03.512466 [debug] [Thread-1 (]: On model.portflow.stg_container_movements: Close
[0m00:16:03.513465 [debug] [Thread-1 (]: Sending event: {'category': 'dbt', 'action': 'run_model', 'label': 'c7a06575-4453-4107-9113-6edf752177a0', 'context': [<snowplow_tracker.self_describing_json.SelfDescribingJson object at 0x000002A796283710>]}
[0m00:16:03.514521 [info ] [Thread-1 (]: 2 of 31 OK created sql view model main.stg_container_movements ................. [[32mOK[0m in 0.02s]
[0m00:16:03.514521 [debug] [Thread-1 (]: Finished running node model.portflow.stg_container_movements
[0m00:16:03.514521 [debug] [Thread-1 (]: Began running node model.portflow.stg_incidents
[0m00:16:03.515585 [info ] [Thread-1 (]: 3 of 31 START sql view model main.stg_incidents ................................ [RUN]
[0m00:16:03.515585 [debug] [Thread-1 (]: Re-using an available connection from the pool (formerly model.portflow.stg_container_movements, now model.portflow.stg_incidents)
[0m00:16:03.516577 [debug] [Thread-1 (]: Began compiling node model.portflow.stg_incidents
[0m00:16:03.517639 [debug] [Thread-1 (]: Writing injected SQL for node "model.portflow.stg_incidents"
[0m00:16:03.519531 [debug] [Thread-1 (]: Began executing node model.portflow.stg_incidents
[0m00:16:03.523045 [debug] [Thread-1 (]: Writing runtime sql for node "model.portflow.stg_incidents"
[0m00:16:03.524634 [debug] [Thread-1 (]: Using duckdb connection "model.portflow.stg_incidents"
[0m00:16:03.525641 [debug] [Thread-1 (]: On model.portflow.stg_incidents: BEGIN
[0m00:16:03.525641 [debug] [Thread-1 (]: Opening a new connection, currently in state closed
[0m00:16:03.526967 [debug] [Thread-1 (]: SQL status: OK in 0.001 seconds
[0m00:16:03.526967 [debug] [Thread-1 (]: Using duckdb connection "model.portflow.stg_incidents"
[0m00:16:03.526967 [debug] [Thread-1 (]: On model.portflow.stg_incidents: /* {"app": "dbt", "dbt_version": "1.12.3", "profile_name": "portflow", "target_name": "local", "node_id": "model.portflow.stg_incidents"} */

  
  create view "portflow"."main"."stg_incidents__dbt_tmp" as (
    

select
    cast(incident_id as varchar) as incident_id,
    cast(equipment_id as varchar) as equipment_id,
    cast(severity as varchar) as severity,
    cast(status as varchar) as status,
    cast(opened_at as timestamptz) as opened_at,
    cast(resolved_at as timestamptz) as resolved_at,
    cast(root_cause as varchar) as root_cause,
    cast(created_at as timestamptz) as created_at,
    cast(updated_at as timestamptz) as updated_at,
    cast(source_table as varchar) as source_table,
    cast(extraction_run_id as varchar) as extraction_run_id,
    cast(source_updated_at as timestamptz) as source_updated_at,
    cast(extracted_at as timestamptz) as extracted_at
from read_parquet('C:/Users/aliha/AppData/Local/Temp/pytest-of-aliha/pytest-99/test_dbt_builds_gold_models_an0/silver/incidents/**/*.parquet', union_by_name=true)
  );

[0m00:16:03.531907 [debug] [Thread-1 (]: SQL status: OK in 0.004 seconds
[0m00:16:03.534925 [debug] [Thread-1 (]: Using duckdb connection "model.portflow.stg_incidents"
[0m00:16:03.534925 [debug] [Thread-1 (]: On model.portflow.stg_incidents: /* {"app": "dbt", "dbt_version": "1.12.3", "profile_name": "portflow", "target_name": "local", "node_id": "model.portflow.stg_incidents"} */
alter view "portflow"."main"."stg_incidents__dbt_tmp" rename to "stg_incidents"
[0m00:16:03.536225 [debug] [Thread-1 (]: SQL status: OK in 0.000 seconds
[0m00:16:03.537225 [debug] [Thread-1 (]: On model.portflow.stg_incidents: COMMIT
[0m00:16:03.537225 [debug] [Thread-1 (]: Using duckdb connection "model.portflow.stg_incidents"
[0m00:16:03.537225 [debug] [Thread-1 (]: On model.portflow.stg_incidents: COMMIT
[0m00:16:03.541374 [debug] [Thread-1 (]: SQL status: OK in 0.003 seconds
[0m00:16:03.542931 [debug] [Thread-1 (]: Using duckdb connection "model.portflow.stg_incidents"
[0m00:16:03.543936 [debug] [Thread-1 (]: On model.portflow.stg_incidents: /* {"app": "dbt", "dbt_version": "1.12.3", "profile_name": "portflow", "target_name": "local", "node_id": "model.portflow.stg_incidents"} */

      drop view if exists "portflow"."main"."stg_incidents__dbt_backup" cascade
    
[0m00:16:03.543936 [debug] [Thread-1 (]: SQL status: OK in 0.000 seconds
[0m00:16:03.545543 [debug] [Thread-1 (]: On model.portflow.stg_incidents: Close
[0m00:16:03.545543 [debug] [Thread-1 (]: Sending event: {'category': 'dbt', 'action': 'run_model', 'label': 'c7a06575-4453-4107-9113-6edf752177a0', 'context': [<snowplow_tracker.self_describing_json.SelfDescribingJson object at 0x000002A796283770>]}
[0m00:16:03.547165 [info ] [Thread-1 (]: 3 of 31 OK created sql view model main.stg_incidents ........................... [[32mOK[0m in 0.03s]
[0m00:16:03.547165 [debug] [Thread-1 (]: Finished running node model.portflow.stg_incidents
[0m00:16:03.547165 [debug] [Thread-1 (]: Began running node model.portflow.stg_maintenance_orders
[0m00:16:03.548218 [info ] [Thread-1 (]: 4 of 31 START sql view model main.stg_maintenance_orders ....................... [RUN]
[0m00:16:03.548218 [debug] [Thread-1 (]: Re-using an available connection from the pool (formerly model.portflow.stg_incidents, now model.portflow.stg_maintenance_orders)
[0m00:16:03.549228 [debug] [Thread-1 (]: Began compiling node model.portflow.stg_maintenance_orders
[0m00:16:03.550842 [debug] [Thread-1 (]: Writing injected SQL for node "model.portflow.stg_maintenance_orders"
[0m00:16:03.551868 [debug] [Thread-1 (]: Began executing node model.portflow.stg_maintenance_orders
[0m00:16:03.553856 [debug] [Thread-1 (]: Writing runtime sql for node "model.portflow.stg_maintenance_orders"
[0m00:16:03.554957 [debug] [Thread-1 (]: Using duckdb connection "model.portflow.stg_maintenance_orders"
[0m00:16:03.554957 [debug] [Thread-1 (]: On model.portflow.stg_maintenance_orders: BEGIN
[0m00:16:03.555857 [debug] [Thread-1 (]: Opening a new connection, currently in state closed
[0m00:16:03.556367 [debug] [Thread-1 (]: SQL status: OK in 0.001 seconds
[0m00:16:03.556367 [debug] [Thread-1 (]: Using duckdb connection "model.portflow.stg_maintenance_orders"
[0m00:16:03.556367 [debug] [Thread-1 (]: On model.portflow.stg_maintenance_orders: /* {"app": "dbt", "dbt_version": "1.12.3", "profile_name": "portflow", "target_name": "local", "node_id": "model.portflow.stg_maintenance_orders"} */

  
  create view "portflow"."main"."stg_maintenance_orders__dbt_tmp" as (
    

select
    cast(maintenance_order_id as varchar) as maintenance_order_id,
    cast(equipment_id as varchar) as equipment_id,
    cast(status as varchar) as status,
    cast(started_at as timestamptz) as started_at,
    cast(completed_at as timestamptz) as completed_at,
    cast(created_at as timestamptz) as created_at,
    cast(updated_at as timestamptz) as updated_at,
    cast(source_table as varchar) as source_table,
    cast(extraction_run_id as varchar) as extraction_run_id,
    cast(source_updated_at as timestamptz) as source_updated_at,
    cast(extracted_at as timestamptz) as extracted_at
from read_parquet('C:/Users/aliha/AppData/Local/Temp/pytest-of-aliha/pytest-99/test_dbt_builds_gold_models_an0/silver/maintenance_orders/**/*.parquet', union_by_name=true)
  );

[0m00:16:03.559376 [debug] [Thread-1 (]: SQL status: OK in 0.003 seconds
[0m00:16:03.562415 [debug] [Thread-1 (]: Using duckdb connection "model.portflow.stg_maintenance_orders"
[0m00:16:03.563415 [debug] [Thread-1 (]: On model.portflow.stg_maintenance_orders: /* {"app": "dbt", "dbt_version": "1.12.3", "profile_name": "portflow", "target_name": "local", "node_id": "model.portflow.stg_maintenance_orders"} */
alter view "portflow"."main"."stg_maintenance_orders__dbt_tmp" rename to "stg_maintenance_orders"
[0m00:16:03.563415 [debug] [Thread-1 (]: SQL status: OK in 0.000 seconds
[0m00:16:03.564922 [debug] [Thread-1 (]: On model.portflow.stg_maintenance_orders: COMMIT
[0m00:16:03.564922 [debug] [Thread-1 (]: Using duckdb connection "model.portflow.stg_maintenance_orders"
[0m00:16:03.566442 [debug] [Thread-1 (]: On model.portflow.stg_maintenance_orders: COMMIT
[0m00:16:03.568929 [debug] [Thread-1 (]: SQL status: OK in 0.002 seconds
[0m00:16:03.570092 [debug] [Thread-1 (]: Using duckdb connection "model.portflow.stg_maintenance_orders"
[0m00:16:03.570601 [debug] [Thread-1 (]: On model.portflow.stg_maintenance_orders: /* {"app": "dbt", "dbt_version": "1.12.3", "profile_name": "portflow", "target_name": "local", "node_id": "model.portflow.stg_maintenance_orders"} */

      drop view if exists "portflow"."main"."stg_maintenance_orders__dbt_backup" cascade
    
[0m00:16:03.570601 [debug] [Thread-1 (]: SQL status: OK in 0.000 seconds
[0m00:16:03.572615 [debug] [Thread-1 (]: On model.portflow.stg_maintenance_orders: Close
[0m00:16:03.572615 [debug] [Thread-1 (]: Sending event: {'category': 'dbt', 'action': 'run_model', 'label': 'c7a06575-4453-4107-9113-6edf752177a0', 'context': [<snowplow_tracker.self_describing_json.SelfDescribingJson object at 0x000002A795E6B080>]}
[0m00:16:03.573616 [info ] [Thread-1 (]: 4 of 31 OK created sql view model main.stg_maintenance_orders .................. [[32mOK[0m in 0.02s]
[0m00:16:03.573616 [debug] [Thread-1 (]: Finished running node model.portflow.stg_maintenance_orders
[0m00:16:03.574615 [debug] [Thread-1 (]: Began running node model.portflow.stg_telemetry_events
[0m00:16:03.575610 [info ] [Thread-1 (]: 5 of 31 START sql view model main.stg_telemetry_events ......................... [RUN]
[0m00:16:03.576622 [debug] [Thread-1 (]: Re-using an available connection from the pool (formerly model.portflow.stg_maintenance_orders, now model.portflow.stg_telemetry_events)
[0m00:16:03.576622 [debug] [Thread-1 (]: Began compiling node model.portflow.stg_telemetry_events
[0m00:16:03.578732 [debug] [Thread-1 (]: Writing injected SQL for node "model.portflow.stg_telemetry_events"
[0m00:16:03.580636 [debug] [Thread-1 (]: Began executing node model.portflow.stg_telemetry_events
[0m00:16:03.583310 [debug] [Thread-1 (]: Writing runtime sql for node "model.portflow.stg_telemetry_events"
[0m00:16:03.584224 [debug] [Thread-1 (]: Using duckdb connection "model.portflow.stg_telemetry_events"
[0m00:16:03.584224 [debug] [Thread-1 (]: On model.portflow.stg_telemetry_events: BEGIN
[0m00:16:03.585289 [debug] [Thread-1 (]: Opening a new connection, currently in state closed
[0m00:16:03.585918 [debug] [Thread-1 (]: SQL status: OK in 0.001 seconds
[0m00:16:03.585918 [debug] [Thread-1 (]: Using duckdb connection "model.portflow.stg_telemetry_events"
[0m00:16:03.585918 [debug] [Thread-1 (]: On model.portflow.stg_telemetry_events: /* {"app": "dbt", "dbt_version": "1.12.3", "profile_name": "portflow", "target_name": "local", "node_id": "model.portflow.stg_telemetry_events"} */

  
  create view "portflow"."main"."stg_telemetry_events__dbt_tmp" as (
    

select
    cast(event_id as varchar) as event_id,
    cast(schema_version as smallint) as schema_version,
    cast(equipment_id as varchar) as equipment_id,
    cast(terminal_id as varchar) as terminal_id,
    cast(event_timestamp as timestamptz) as event_timestamp,
    cast(ingestion_timestamp as timestamptz) as ingestion_timestamp,
    cast(state as varchar) as state,
    cast(available as boolean) as available,
    cast(load_percent as double) as load_percent,
    cast(temperature_c as double) as temperature_c,
    cast(created_at as timestamptz) as created_at,
    cast(updated_at as timestamptz) as updated_at,
    cast(source_table as varchar) as source_table,
    cast(extraction_run_id as varchar) as extraction_run_id,
    cast(source_updated_at as timestamptz) as source_updated_at,
    cast(extracted_at as timestamptz) as extracted_at
from read_parquet('C:/Users/aliha/AppData/Local/Temp/pytest-of-aliha/pytest-99/test_dbt_builds_gold_models_an0/silver/telemetry_events/**/*.parquet', union_by_name=true)
  );

[0m00:16:03.600542 [debug] [Thread-1 (]: SQL status: OK in 0.014 seconds
[0m00:16:03.602790 [debug] [Thread-1 (]: Using duckdb connection "model.portflow.stg_telemetry_events"
[0m00:16:03.602790 [debug] [Thread-1 (]: On model.portflow.stg_telemetry_events: /* {"app": "dbt", "dbt_version": "1.12.3", "profile_name": "portflow", "target_name": "local", "node_id": "model.portflow.stg_telemetry_events"} */
alter view "portflow"."main"."stg_telemetry_events__dbt_tmp" rename to "stg_telemetry_events"
[0m00:16:03.603785 [debug] [Thread-1 (]: SQL status: OK in 0.000 seconds
[0m00:16:03.604789 [debug] [Thread-1 (]: On model.portflow.stg_telemetry_events: COMMIT
[0m00:16:03.604789 [debug] [Thread-1 (]: Using duckdb connection "model.portflow.stg_telemetry_events"
[0m00:16:03.605785 [debug] [Thread-1 (]: On model.portflow.stg_telemetry_events: COMMIT
[0m00:16:03.607683 [debug] [Thread-1 (]: SQL status: OK in 0.002 seconds
[0m00:16:03.609195 [debug] [Thread-1 (]: Using duckdb connection "model.portflow.stg_telemetry_events"
[0m00:16:03.609195 [debug] [Thread-1 (]: On model.portflow.stg_telemetry_events: /* {"app": "dbt", "dbt_version": "1.12.3", "profile_name": "portflow", "target_name": "local", "node_id": "model.portflow.stg_telemetry_events"} */

      drop view if exists "portflow"."main"."stg_telemetry_events__dbt_backup" cascade
    
[0m00:16:03.610807 [debug] [Thread-1 (]: SQL status: OK in 0.000 seconds
[0m00:16:03.611842 [debug] [Thread-1 (]: On model.portflow.stg_telemetry_events: Close
[0m00:16:03.611842 [debug] [Thread-1 (]: Sending event: {'category': 'dbt', 'action': 'run_model', 'label': 'c7a06575-4453-4107-9113-6edf752177a0', 'context': [<snowplow_tracker.self_describing_json.SelfDescribingJson object at 0x000002A794A0D4C0>]}
[0m00:16:03.612924 [info ] [Thread-1 (]: 5 of 31 OK created sql view model main.stg_telemetry_events .................... [[32mOK[0m in 0.04s]
[0m00:16:03.612924 [debug] [Thread-1 (]: Finished running node model.portflow.stg_telemetry_events
[0m00:16:03.613894 [debug] [Thread-1 (]: Began running node model.portflow.fct_movements
[0m00:16:03.613894 [info ] [Thread-1 (]: 6 of 31 START sql table model main.fct_movements ............................... [RUN]
[0m00:16:03.613894 [debug] [Thread-1 (]: Re-using an available connection from the pool (formerly model.portflow.stg_telemetry_events, now model.portflow.fct_movements)
[0m00:16:03.614862 [debug] [Thread-1 (]: Began compiling node model.portflow.fct_movements
[0m00:16:03.615918 [debug] [Thread-1 (]: Writing injected SQL for node "model.portflow.fct_movements"
[0m00:16:03.617817 [debug] [Thread-1 (]: Began executing node model.portflow.fct_movements
[0m00:16:03.645336 [debug] [Thread-1 (]: Writing runtime sql for node "model.portflow.fct_movements"
[0m00:16:03.646345 [debug] [Thread-1 (]: Using duckdb connection "model.portflow.fct_movements"
[0m00:16:03.647947 [debug] [Thread-1 (]: On model.portflow.fct_movements: BEGIN
[0m00:16:03.647947 [debug] [Thread-1 (]: Opening a new connection, currently in state closed
[0m00:16:03.648960 [debug] [Thread-1 (]: SQL status: OK in 0.001 seconds
[0m00:16:03.649472 [debug] [Thread-1 (]: Using duckdb connection "model.portflow.fct_movements"
[0m00:16:03.649472 [debug] [Thread-1 (]: On model.portflow.fct_movements: /* {"app": "dbt", "dbt_version": "1.12.3", "profile_name": "portflow", "target_name": "local", "node_id": "model.portflow.fct_movements"} */

    

    create  table
      "portflow"."main"."fct_movements__dbt_tmp"
  
    
    as (
      select *
from "portflow"."main"."stg_container_movements"
    );
    
  
[0m00:16:03.660711 [debug] [Thread-1 (]: SQL status: OK in 0.010 seconds
[0m00:16:03.662719 [debug] [Thread-1 (]: Using duckdb connection "model.portflow.fct_movements"
[0m00:16:03.662719 [debug] [Thread-1 (]: On model.portflow.fct_movements: /* {"app": "dbt", "dbt_version": "1.12.3", "profile_name": "portflow", "target_name": "local", "node_id": "model.portflow.fct_movements"} */
alter table "portflow"."main"."fct_movements__dbt_tmp" rename to "fct_movements"
[0m00:16:03.665259 [debug] [Thread-1 (]: SQL status: OK in 0.001 seconds
[0m00:16:03.669752 [debug] [Thread-1 (]: On model.portflow.fct_movements: COMMIT
[0m00:16:03.670841 [debug] [Thread-1 (]: Using duckdb connection "model.portflow.fct_movements"
[0m00:16:03.670841 [debug] [Thread-1 (]: On model.portflow.fct_movements: COMMIT
[0m00:16:03.674868 [debug] [Thread-1 (]: SQL status: OK in 0.003 seconds
[0m00:16:03.675847 [debug] [Thread-1 (]: Using duckdb connection "model.portflow.fct_movements"
[0m00:16:03.676923 [debug] [Thread-1 (]: On model.portflow.fct_movements: /* {"app": "dbt", "dbt_version": "1.12.3", "profile_name": "portflow", "target_name": "local", "node_id": "model.portflow.fct_movements"} */

      drop table if exists "portflow"."main"."fct_movements__dbt_backup" cascade
    
[0m00:16:03.676923 [debug] [Thread-1 (]: SQL status: OK in 0.001 seconds
[0m00:16:03.678922 [debug] [Thread-1 (]: On model.portflow.fct_movements: Close
[0m00:16:03.678922 [debug] [Thread-1 (]: Sending event: {'category': 'dbt', 'action': 'run_model', 'label': 'c7a06575-4453-4107-9113-6edf752177a0', 'context': [<snowplow_tracker.self_describing_json.SelfDescribingJson object at 0x000002A7943BF110>]}
[0m00:16:03.679922 [info ] [Thread-1 (]: 6 of 31 OK created sql table model main.fct_movements .......................... [[32mOK[0m in 0.07s]
[0m00:16:03.680427 [debug] [Thread-1 (]: Finished running node model.portflow.fct_movements
[0m00:16:03.680427 [debug] [Thread-1 (]: Began running node model.portflow.fct_incidents
[0m00:16:03.681432 [info ] [Thread-1 (]: 7 of 31 START sql table model main.fct_incidents ............................... [RUN]
[0m00:16:03.681432 [debug] [Thread-1 (]: Re-using an available connection from the pool (formerly model.portflow.fct_movements, now model.portflow.fct_incidents)
[0m00:16:03.682433 [debug] [Thread-1 (]: Began compiling node model.portflow.fct_incidents
[0m00:16:03.683434 [debug] [Thread-1 (]: Writing injected SQL for node "model.portflow.fct_incidents"
[0m00:16:03.684434 [debug] [Thread-1 (]: Began executing node model.portflow.fct_incidents
[0m00:16:03.688625 [debug] [Thread-1 (]: Writing runtime sql for node "model.portflow.fct_incidents"
[0m00:16:03.690131 [debug] [Thread-1 (]: Using duckdb connection "model.portflow.fct_incidents"
[0m00:16:03.690131 [debug] [Thread-1 (]: On model.portflow.fct_incidents: BEGIN
[0m00:16:03.690652 [debug] [Thread-1 (]: Opening a new connection, currently in state closed
[0m00:16:03.690652 [debug] [Thread-1 (]: SQL status: OK in 0.001 seconds
[0m00:16:03.691660 [debug] [Thread-1 (]: Using duckdb connection "model.portflow.fct_incidents"
[0m00:16:03.692659 [debug] [Thread-1 (]: On model.portflow.fct_incidents: /* {"app": "dbt", "dbt_version": "1.12.3", "profile_name": "portflow", "target_name": "local", "node_id": "model.portflow.fct_incidents"} */

    

    create  table
      "portflow"."main"."fct_incidents__dbt_tmp"
  
    
    as (
      select *
from "portflow"."main"."stg_incidents"
    );
    
  
[0m00:16:03.695194 [debug] [Thread-1 (]: SQL status: OK in 0.003 seconds
[0m00:16:03.697219 [debug] [Thread-1 (]: Using duckdb connection "model.portflow.fct_incidents"
[0m00:16:03.698201 [debug] [Thread-1 (]: On model.portflow.fct_incidents: /* {"app": "dbt", "dbt_version": "1.12.3", "profile_name": "portflow", "target_name": "local", "node_id": "model.portflow.fct_incidents"} */
alter table "portflow"."main"."fct_incidents__dbt_tmp" rename to "fct_incidents"
[0m00:16:03.698201 [debug] [Thread-1 (]: SQL status: OK in 0.000 seconds
[0m00:16:03.700727 [debug] [Thread-1 (]: On model.portflow.fct_incidents: COMMIT
[0m00:16:03.700727 [debug] [Thread-1 (]: Using duckdb connection "model.portflow.fct_incidents"
[0m00:16:03.700727 [debug] [Thread-1 (]: On model.portflow.fct_incidents: COMMIT
[0m00:16:03.703989 [debug] [Thread-1 (]: SQL status: OK in 0.002 seconds
[0m00:16:03.705021 [debug] [Thread-1 (]: Using duckdb connection "model.portflow.fct_incidents"
[0m00:16:03.706019 [debug] [Thread-1 (]: On model.portflow.fct_incidents: /* {"app": "dbt", "dbt_version": "1.12.3", "profile_name": "portflow", "target_name": "local", "node_id": "model.portflow.fct_incidents"} */

      drop table if exists "portflow"."main"."fct_incidents__dbt_backup" cascade
    
[0m00:16:03.706019 [debug] [Thread-1 (]: SQL status: OK in 0.000 seconds
[0m00:16:03.707020 [debug] [Thread-1 (]: On model.portflow.fct_incidents: Close
[0m00:16:03.708020 [debug] [Thread-1 (]: Sending event: {'category': 'dbt', 'action': 'run_model', 'label': 'c7a06575-4453-4107-9113-6edf752177a0', 'context': [<snowplow_tracker.self_describing_json.SelfDescribingJson object at 0x000002A7945F2810>]}
[0m00:16:03.709019 [info ] [Thread-1 (]: 7 of 31 OK created sql table model main.fct_incidents .......................... [[32mOK[0m in 0.03s]
[0m00:16:03.709019 [debug] [Thread-1 (]: Finished running node model.portflow.fct_incidents
[0m00:16:03.709019 [debug] [Thread-1 (]: Began running node model.portflow.fct_equipment_telemetry
[0m00:16:03.710526 [info ] [Thread-1 (]: 8 of 31 START sql table model main.fct_equipment_telemetry ..................... [RUN]
[0m00:16:03.711533 [debug] [Thread-1 (]: Re-using an available connection from the pool (formerly model.portflow.fct_incidents, now model.portflow.fct_equipment_telemetry)
[0m00:16:03.711533 [debug] [Thread-1 (]: Began compiling node model.portflow.fct_equipment_telemetry
[0m00:16:03.713649 [debug] [Thread-1 (]: Writing injected SQL for node "model.portflow.fct_equipment_telemetry"
[0m00:16:03.714630 [debug] [Thread-1 (]: Began executing node model.portflow.fct_equipment_telemetry
[0m00:16:03.718633 [debug] [Thread-1 (]: Writing runtime sql for node "model.portflow.fct_equipment_telemetry"
[0m00:16:03.720533 [debug] [Thread-1 (]: Using duckdb connection "model.portflow.fct_equipment_telemetry"
[0m00:16:03.720533 [debug] [Thread-1 (]: On model.portflow.fct_equipment_telemetry: BEGIN
[0m00:16:03.721045 [debug] [Thread-1 (]: Opening a new connection, currently in state closed
[0m00:16:03.722054 [debug] [Thread-1 (]: SQL status: OK in 0.001 seconds
[0m00:16:03.722054 [debug] [Thread-1 (]: Using duckdb connection "model.portflow.fct_equipment_telemetry"
[0m00:16:03.722054 [debug] [Thread-1 (]: On model.portflow.fct_equipment_telemetry: /* {"app": "dbt", "dbt_version": "1.12.3", "profile_name": "portflow", "target_name": "local", "node_id": "model.portflow.fct_equipment_telemetry"} */

    

    create  table
      "portflow"."main"."fct_equipment_telemetry__dbt_tmp"
  
    
    as (
      select *
from "portflow"."main"."stg_telemetry_events"
    );
    
  
[0m00:16:03.727918 [debug] [Thread-1 (]: SQL status: OK in 0.005 seconds
[0m00:16:03.730920 [debug] [Thread-1 (]: Using duckdb connection "model.portflow.fct_equipment_telemetry"
[0m00:16:03.731426 [debug] [Thread-1 (]: On model.portflow.fct_equipment_telemetry: /* {"app": "dbt", "dbt_version": "1.12.3", "profile_name": "portflow", "target_name": "local", "node_id": "model.portflow.fct_equipment_telemetry"} */
alter table "portflow"."main"."fct_equipment_telemetry__dbt_tmp" rename to "fct_equipment_telemetry"
[0m00:16:03.731426 [debug] [Thread-1 (]: SQL status: OK in 0.000 seconds
[0m00:16:03.734633 [debug] [Thread-1 (]: On model.portflow.fct_equipment_telemetry: COMMIT
[0m00:16:03.734633 [debug] [Thread-1 (]: Using duckdb connection "model.portflow.fct_equipment_telemetry"
[0m00:16:03.734633 [debug] [Thread-1 (]: On model.portflow.fct_equipment_telemetry: COMMIT
[0m00:16:03.737638 [debug] [Thread-1 (]: SQL status: OK in 0.002 seconds
[0m00:16:03.738489 [debug] [Thread-1 (]: Using duckdb connection "model.portflow.fct_equipment_telemetry"
[0m00:16:03.739488 [debug] [Thread-1 (]: On model.portflow.fct_equipment_telemetry: /* {"app": "dbt", "dbt_version": "1.12.3", "profile_name": "portflow", "target_name": "local", "node_id": "model.portflow.fct_equipment_telemetry"} */

      drop table if exists "portflow"."main"."fct_equipment_telemetry__dbt_backup" cascade
    
[0m00:16:03.739488 [debug] [Thread-1 (]: SQL status: OK in 0.000 seconds
[0m00:16:03.740996 [debug] [Thread-1 (]: On model.portflow.fct_equipment_telemetry: Close
[0m00:16:03.742100 [debug] [Thread-1 (]: Sending event: {'category': 'dbt', 'action': 'run_model', 'label': 'c7a06575-4453-4107-9113-6edf752177a0', 'context': [<snowplow_tracker.self_describing_json.SelfDescribingJson object at 0x000002A7943BE000>]}
[0m00:16:03.742100 [info ] [Thread-1 (]: 8 of 31 OK created sql table model main.fct_equipment_telemetry ................ [[32mOK[0m in 0.03s]
[0m00:16:03.743108 [debug] [Thread-1 (]: Finished running node model.portflow.fct_equipment_telemetry
[0m00:16:03.743108 [debug] [Thread-1 (]: Began running node test.portflow.accepted_values_fct_movements_movement_type__GATE_IN__GATE_OUT__LOAD__DISCHARGE.dd66f97774
[0m00:16:03.744108 [info ] [Thread-1 (]: 9 of 31 START test accepted_values_fct_movements_movement_type__GATE_IN__GATE_OUT__LOAD__DISCHARGE  [RUN]
[0m00:16:03.744108 [debug] [Thread-1 (]: Re-using an available connection from the pool (formerly model.portflow.fct_equipment_telemetry, now test.portflow.accepted_values_fct_movements_movement_type__GATE_IN__GATE_OUT__LOAD__DISCHARGE.dd66f97774)
[0m00:16:03.744108 [debug] [Thread-1 (]: Began compiling node test.portflow.accepted_values_fct_movements_movement_type__GATE_IN__GATE_OUT__LOAD__DISCHARGE.dd66f97774
[0m00:16:03.750875 [debug] [Thread-1 (]: Writing injected SQL for node "test.portflow.accepted_values_fct_movements_movement_type__GATE_IN__GATE_OUT__LOAD__DISCHARGE.dd66f97774"
[0m00:16:03.752438 [debug] [Thread-1 (]: Began executing node test.portflow.accepted_values_fct_movements_movement_type__GATE_IN__GATE_OUT__LOAD__DISCHARGE.dd66f97774
[0m00:16:03.769569 [debug] [Thread-1 (]: Writing runtime sql for node "test.portflow.accepted_values_fct_movements_movement_type__GATE_IN__GATE_OUT__LOAD__DISCHARGE.dd66f97774"
[0m00:16:03.771075 [debug] [Thread-1 (]: Using duckdb connection "test.portflow.accepted_values_fct_movements_movement_type__GATE_IN__GATE_OUT__LOAD__DISCHARGE.dd66f97774"
[0m00:16:03.772084 [debug] [Thread-1 (]: On test.portflow.accepted_values_fct_movements_movement_type__GATE_IN__GATE_OUT__LOAD__DISCHARGE.dd66f97774: BEGIN
[0m00:16:03.772084 [debug] [Thread-1 (]: Opening a new connection, currently in state closed
[0m00:16:03.773590 [debug] [Thread-1 (]: SQL status: OK in 0.001 seconds
[0m00:16:03.773590 [debug] [Thread-1 (]: Using duckdb connection "test.portflow.accepted_values_fct_movements_movement_type__GATE_IN__GATE_OUT__LOAD__DISCHARGE.dd66f97774"
[0m00:16:03.773590 [debug] [Thread-1 (]: On test.portflow.accepted_values_fct_movements_movement_type__GATE_IN__GATE_OUT__LOAD__DISCHARGE.dd66f97774: /* {"app": "dbt", "dbt_version": "1.12.3", "profile_name": "portflow", "target_name": "local", "node_id": "test.portflow.accepted_values_fct_movements_movement_type__GATE_IN__GATE_OUT__LOAD__DISCHARGE.dd66f97774"} */

    
    select
      count(*) as failures,
      count(*) != 0 as should_warn,
      count(*) != 0 as should_error
    from (
      
    
  
    
    

with all_values as (

    select
        movement_type as value_field,
        count(*) as n_records

    from "portflow"."main"."fct_movements"
    group by movement_type

)

select *
from all_values
where value_field not in (
    'GATE_IN','GATE_OUT','LOAD','DISCHARGE'
)



  
  
      
    ) dbt_internal_test
[0m00:16:03.779767 [debug] [Thread-1 (]: SQL status: OK in 0.006 seconds
[0m00:16:03.784138 [debug] [Thread-1 (]: On test.portflow.accepted_values_fct_movements_movement_type__GATE_IN__GATE_OUT__LOAD__DISCHARGE.dd66f97774: ROLLBACK
[0m00:16:03.785253 [debug] [Thread-1 (]: On test.portflow.accepted_values_fct_movements_movement_type__GATE_IN__GATE_OUT__LOAD__DISCHARGE.dd66f97774: Close
[0m00:16:03.786190 [info ] [Thread-1 (]: 9 of 31 PASS accepted_values_fct_movements_movement_type__GATE_IN__GATE_OUT__LOAD__DISCHARGE  [[32mPASS[0m in 0.04s]
[0m00:16:03.787251 [debug] [Thread-1 (]: Finished running node test.portflow.accepted_values_fct_movements_movement_type__GATE_IN__GATE_OUT__LOAD__DISCHARGE.dd66f97774
[0m00:16:03.788243 [debug] [Thread-1 (]: Began running node test.portflow.not_null_fct_movements_movement_id.afe0f58d55
[0m00:16:03.788243 [info ] [Thread-1 (]: 10 of 31 START test not_null_fct_movements_movement_id ......................... [RUN]
[0m00:16:03.789163 [debug] [Thread-1 (]: Re-using an available connection from the pool (formerly test.portflow.accepted_values_fct_movements_movement_type__GATE_IN__GATE_OUT__LOAD__DISCHARGE.dd66f97774, now test.portflow.not_null_fct_movements_movement_id.afe0f58d55)
[0m00:16:03.789773 [debug] [Thread-1 (]: Began compiling node test.portflow.not_null_fct_movements_movement_id.afe0f58d55
[0m00:16:03.802130 [debug] [Thread-1 (]: Writing injected SQL for node "test.portflow.not_null_fct_movements_movement_id.afe0f58d55"
[0m00:16:03.803136 [debug] [Thread-1 (]: Began executing node test.portflow.not_null_fct_movements_movement_id.afe0f58d55
[0m00:16:03.805655 [debug] [Thread-1 (]: Writing runtime sql for node "test.portflow.not_null_fct_movements_movement_id.afe0f58d55"
[0m00:16:03.807662 [debug] [Thread-1 (]: Using duckdb connection "test.portflow.not_null_fct_movements_movement_id.afe0f58d55"
[0m00:16:03.807662 [debug] [Thread-1 (]: On test.portflow.not_null_fct_movements_movement_id.afe0f58d55: BEGIN
[0m00:16:03.808660 [debug] [Thread-1 (]: Opening a new connection, currently in state closed
[0m00:16:03.809661 [debug] [Thread-1 (]: SQL status: OK in 0.001 seconds
[0m00:16:03.809661 [debug] [Thread-1 (]: Using duckdb connection "test.portflow.not_null_fct_movements_movement_id.afe0f58d55"
[0m00:16:03.811170 [debug] [Thread-1 (]: On test.portflow.not_null_fct_movements_movement_id.afe0f58d55: /* {"app": "dbt", "dbt_version": "1.12.3", "profile_name": "portflow", "target_name": "local", "node_id": "test.portflow.not_null_fct_movements_movement_id.afe0f58d55"} */

    
    select
      count(*) as failures,
      count(*) != 0 as should_warn,
      count(*) != 0 as should_error
    from (
      
    
  
    
    



select movement_id
from "portflow"."main"."fct_movements"
where movement_id is null



  
  
      
    ) dbt_internal_test
[0m00:16:03.812179 [debug] [Thread-1 (]: SQL status: OK in 0.001 seconds
[0m00:16:03.814185 [debug] [Thread-1 (]: On test.portflow.not_null_fct_movements_movement_id.afe0f58d55: ROLLBACK
[0m00:16:03.814185 [debug] [Thread-1 (]: On test.portflow.not_null_fct_movements_movement_id.afe0f58d55: Close
[0m00:16:03.815695 [info ] [Thread-1 (]: 10 of 31 PASS not_null_fct_movements_movement_id ............................... [[32mPASS[0m in 0.03s]
[0m00:16:03.816704 [debug] [Thread-1 (]: Finished running node test.portflow.not_null_fct_movements_movement_id.afe0f58d55
[0m00:16:03.816704 [debug] [Thread-1 (]: Began running node test.portflow.not_null_fct_movements_terminal_id.09b69b68df
[0m00:16:03.817705 [info ] [Thread-1 (]: 11 of 31 START test not_null_fct_movements_terminal_id ......................... [RUN]
[0m00:16:03.817705 [debug] [Thread-1 (]: Re-using an available connection from the pool (formerly test.portflow.not_null_fct_movements_movement_id.afe0f58d55, now test.portflow.not_null_fct_movements_terminal_id.09b69b68df)
[0m00:16:03.818706 [debug] [Thread-1 (]: Began compiling node test.portflow.not_null_fct_movements_terminal_id.09b69b68df
[0m00:16:03.825737 [debug] [Thread-1 (]: Writing injected SQL for node "test.portflow.not_null_fct_movements_terminal_id.09b69b68df"
[0m00:16:03.827327 [debug] [Thread-1 (]: Began executing node test.portflow.not_null_fct_movements_terminal_id.09b69b68df
[0m00:16:03.829344 [debug] [Thread-1 (]: Writing runtime sql for node "test.portflow.not_null_fct_movements_terminal_id.09b69b68df"
[0m00:16:03.831107 [debug] [Thread-1 (]: Using duckdb connection "test.portflow.not_null_fct_movements_terminal_id.09b69b68df"
[0m00:16:03.831107 [debug] [Thread-1 (]: On test.portflow.not_null_fct_movements_terminal_id.09b69b68df: BEGIN
[0m00:16:03.831107 [debug] [Thread-1 (]: Opening a new connection, currently in state closed
[0m00:16:03.832117 [debug] [Thread-1 (]: SQL status: OK in 0.001 seconds
[0m00:16:03.832117 [debug] [Thread-1 (]: Using duckdb connection "test.portflow.not_null_fct_movements_terminal_id.09b69b68df"
[0m00:16:03.833116 [debug] [Thread-1 (]: On test.portflow.not_null_fct_movements_terminal_id.09b69b68df: /* {"app": "dbt", "dbt_version": "1.12.3", "profile_name": "portflow", "target_name": "local", "node_id": "test.portflow.not_null_fct_movements_terminal_id.09b69b68df"} */

    
    select
      count(*) as failures,
      count(*) != 0 as should_warn,
      count(*) != 0 as should_error
    from (
      
    
  
    
    



select terminal_id
from "portflow"."main"."fct_movements"
where terminal_id is null



  
  
      
    ) dbt_internal_test
[0m00:16:03.834126 [debug] [Thread-1 (]: SQL status: OK in 0.001 seconds
[0m00:16:03.835125 [debug] [Thread-1 (]: On test.portflow.not_null_fct_movements_terminal_id.09b69b68df: ROLLBACK
[0m00:16:03.835125 [debug] [Thread-1 (]: On test.portflow.not_null_fct_movements_terminal_id.09b69b68df: Close
[0m00:16:03.836633 [info ] [Thread-1 (]: 11 of 31 PASS not_null_fct_movements_terminal_id ............................... [[32mPASS[0m in 0.02s]
[0m00:16:03.837641 [debug] [Thread-1 (]: Finished running node test.portflow.not_null_fct_movements_terminal_id.09b69b68df
[0m00:16:03.837641 [debug] [Thread-1 (]: Began running node test.portflow.unique_fct_movements_movement_id.8d0eebdd3c
[0m00:16:03.837641 [info ] [Thread-1 (]: 12 of 31 START test unique_fct_movements_movement_id ........................... [RUN]
[0m00:16:03.838640 [debug] [Thread-1 (]: Re-using an available connection from the pool (formerly test.portflow.not_null_fct_movements_terminal_id.09b69b68df, now test.portflow.unique_fct_movements_movement_id.8d0eebdd3c)
[0m00:16:03.838640 [debug] [Thread-1 (]: Began compiling node test.portflow.unique_fct_movements_movement_id.8d0eebdd3c
[0m00:16:03.847118 [debug] [Thread-1 (]: Writing injected SQL for node "test.portflow.unique_fct_movements_movement_id.8d0eebdd3c"
[0m00:16:03.849132 [debug] [Thread-1 (]: Began executing node test.portflow.unique_fct_movements_movement_id.8d0eebdd3c
[0m00:16:03.850854 [debug] [Thread-1 (]: Writing runtime sql for node "test.portflow.unique_fct_movements_movement_id.8d0eebdd3c"
[0m00:16:03.851869 [debug] [Thread-1 (]: Using duckdb connection "test.portflow.unique_fct_movements_movement_id.8d0eebdd3c"
[0m00:16:03.853061 [debug] [Thread-1 (]: On test.portflow.unique_fct_movements_movement_id.8d0eebdd3c: BEGIN
[0m00:16:03.853061 [debug] [Thread-1 (]: Opening a new connection, currently in state closed
[0m00:16:03.854068 [debug] [Thread-1 (]: SQL status: OK in 0.001 seconds
[0m00:16:03.854068 [debug] [Thread-1 (]: Using duckdb connection "test.portflow.unique_fct_movements_movement_id.8d0eebdd3c"
[0m00:16:03.854068 [debug] [Thread-1 (]: On test.portflow.unique_fct_movements_movement_id.8d0eebdd3c: /* {"app": "dbt", "dbt_version": "1.12.3", "profile_name": "portflow", "target_name": "local", "node_id": "test.portflow.unique_fct_movements_movement_id.8d0eebdd3c"} */

    
    select
      count(*) as failures,
      count(*) != 0 as should_warn,
      count(*) != 0 as should_error
    from (
      
    
  
    
    

select
    movement_id as unique_field,
    count(*) as n_records

from "portflow"."main"."fct_movements"
where movement_id is not null
group by movement_id
having count(*) > 1



  
  
      
    ) dbt_internal_test
[0m00:16:03.860653 [debug] [Thread-1 (]: SQL status: OK in 0.006 seconds
[0m00:16:03.862777 [debug] [Thread-1 (]: On test.portflow.unique_fct_movements_movement_id.8d0eebdd3c: ROLLBACK
[0m00:16:03.863773 [debug] [Thread-1 (]: On test.portflow.unique_fct_movements_movement_id.8d0eebdd3c: Close
[0m00:16:03.863773 [info ] [Thread-1 (]: 12 of 31 PASS unique_fct_movements_movement_id ................................. [[32mPASS[0m in 0.03s]
[0m00:16:03.864777 [debug] [Thread-1 (]: Finished running node test.portflow.unique_fct_movements_movement_id.8d0eebdd3c
[0m00:16:03.864777 [debug] [Thread-1 (]: Began running node test.portflow.accepted_values_fct_incidents_status__OPEN__RESOLVED.da6f0deb80
[0m00:16:03.865774 [info ] [Thread-1 (]: 13 of 31 START test accepted_values_fct_incidents_status__OPEN__RESOLVED ....... [RUN]
[0m00:16:03.865774 [debug] [Thread-1 (]: Re-using an available connection from the pool (formerly test.portflow.unique_fct_movements_movement_id.8d0eebdd3c, now test.portflow.accepted_values_fct_incidents_status__OPEN__RESOLVED.da6f0deb80)
[0m00:16:03.866773 [debug] [Thread-1 (]: Began compiling node test.portflow.accepted_values_fct_incidents_status__OPEN__RESOLVED.da6f0deb80
[0m00:16:03.871807 [debug] [Thread-1 (]: Writing injected SQL for node "test.portflow.accepted_values_fct_incidents_status__OPEN__RESOLVED.da6f0deb80"
[0m00:16:03.873808 [debug] [Thread-1 (]: Began executing node test.portflow.accepted_values_fct_incidents_status__OPEN__RESOLVED.da6f0deb80
[0m00:16:03.874810 [debug] [Thread-1 (]: Writing runtime sql for node "test.portflow.accepted_values_fct_incidents_status__OPEN__RESOLVED.da6f0deb80"
[0m00:16:03.876313 [debug] [Thread-1 (]: Using duckdb connection "test.portflow.accepted_values_fct_incidents_status__OPEN__RESOLVED.da6f0deb80"
[0m00:16:03.876313 [debug] [Thread-1 (]: On test.portflow.accepted_values_fct_incidents_status__OPEN__RESOLVED.da6f0deb80: BEGIN
[0m00:16:03.877322 [debug] [Thread-1 (]: Opening a new connection, currently in state closed
[0m00:16:03.877322 [debug] [Thread-1 (]: SQL status: OK in 0.001 seconds
[0m00:16:03.878831 [debug] [Thread-1 (]: Using duckdb connection "test.portflow.accepted_values_fct_incidents_status__OPEN__RESOLVED.da6f0deb80"
[0m00:16:03.878831 [debug] [Thread-1 (]: On test.portflow.accepted_values_fct_incidents_status__OPEN__RESOLVED.da6f0deb80: /* {"app": "dbt", "dbt_version": "1.12.3", "profile_name": "portflow", "target_name": "local", "node_id": "test.portflow.accepted_values_fct_incidents_status__OPEN__RESOLVED.da6f0deb80"} */

    
    select
      count(*) as failures,
      count(*) != 0 as should_warn,
      count(*) != 0 as should_error
    from (
      
    
  
    
    

with all_values as (

    select
        status as value_field,
        count(*) as n_records

    from "portflow"."main"."fct_incidents"
    group by status

)

select *
from all_values
where value_field not in (
    'OPEN','RESOLVED'
)



  
  
      
    ) dbt_internal_test
[0m00:16:03.879842 [debug] [Thread-1 (]: SQL status: OK in 0.001 seconds
[0m00:16:03.882364 [debug] [Thread-1 (]: On test.portflow.accepted_values_fct_incidents_status__OPEN__RESOLVED.da6f0deb80: ROLLBACK
[0m00:16:03.882364 [debug] [Thread-1 (]: On test.portflow.accepted_values_fct_incidents_status__OPEN__RESOLVED.da6f0deb80: Close
[0m00:16:03.883364 [info ] [Thread-1 (]: 13 of 31 PASS accepted_values_fct_incidents_status__OPEN__RESOLVED ............. [[32mPASS[0m in 0.02s]
[0m00:16:03.883870 [debug] [Thread-1 (]: Finished running node test.portflow.accepted_values_fct_incidents_status__OPEN__RESOLVED.da6f0deb80
[0m00:16:03.883870 [debug] [Thread-1 (]: Began running node test.portflow.not_null_fct_incidents_equipment_id.e2a76d758b
[0m00:16:03.884877 [info ] [Thread-1 (]: 14 of 31 START test not_null_fct_incidents_equipment_id ........................ [RUN]
[0m00:16:03.884877 [debug] [Thread-1 (]: Re-using an available connection from the pool (formerly test.portflow.accepted_values_fct_incidents_status__OPEN__RESOLVED.da6f0deb80, now test.portflow.not_null_fct_incidents_equipment_id.e2a76d758b)
[0m00:16:03.884877 [debug] [Thread-1 (]: Began compiling node test.portflow.not_null_fct_incidents_equipment_id.e2a76d758b
[0m00:16:03.892953 [debug] [Thread-1 (]: Writing injected SQL for node "test.portflow.not_null_fct_incidents_equipment_id.e2a76d758b"
[0m00:16:03.893949 [debug] [Thread-1 (]: Began executing node test.portflow.not_null_fct_incidents_equipment_id.e2a76d758b
[0m00:16:03.896039 [debug] [Thread-1 (]: Writing runtime sql for node "test.portflow.not_null_fct_incidents_equipment_id.e2a76d758b"
[0m00:16:03.897038 [debug] [Thread-1 (]: Using duckdb connection "test.portflow.not_null_fct_incidents_equipment_id.e2a76d758b"
[0m00:16:03.897038 [debug] [Thread-1 (]: On test.portflow.not_null_fct_incidents_equipment_id.e2a76d758b: BEGIN
[0m00:16:03.898039 [debug] [Thread-1 (]: Opening a new connection, currently in state closed
[0m00:16:03.898039 [debug] [Thread-1 (]: SQL status: OK in 0.001 seconds
[0m00:16:03.898039 [debug] [Thread-1 (]: Using duckdb connection "test.portflow.not_null_fct_incidents_equipment_id.e2a76d758b"
[0m00:16:03.899549 [debug] [Thread-1 (]: On test.portflow.not_null_fct_incidents_equipment_id.e2a76d758b: /* {"app": "dbt", "dbt_version": "1.12.3", "profile_name": "portflow", "target_name": "local", "node_id": "test.portflow.not_null_fct_incidents_equipment_id.e2a76d758b"} */

    
    select
      count(*) as failures,
      count(*) != 0 as should_warn,
      count(*) != 0 as should_error
    from (
      
    
  
    
    



select equipment_id
from "portflow"."main"."fct_incidents"
where equipment_id is null



  
  
      
    ) dbt_internal_test
[0m00:16:03.900605 [debug] [Thread-1 (]: SQL status: OK in 0.001 seconds
[0m00:16:03.901613 [debug] [Thread-1 (]: On test.portflow.not_null_fct_incidents_equipment_id.e2a76d758b: ROLLBACK
[0m00:16:03.902617 [debug] [Thread-1 (]: On test.portflow.not_null_fct_incidents_equipment_id.e2a76d758b: Close
[0m00:16:03.903618 [info ] [Thread-1 (]: 14 of 31 PASS not_null_fct_incidents_equipment_id .............................. [[32mPASS[0m in 0.02s]
[0m00:16:03.903618 [debug] [Thread-1 (]: Finished running node test.portflow.not_null_fct_incidents_equipment_id.e2a76d758b
[0m00:16:03.904618 [debug] [Thread-1 (]: Began running node test.portflow.not_null_fct_incidents_incident_id.0ad82bb242
[0m00:16:03.904618 [info ] [Thread-1 (]: 15 of 31 START test not_null_fct_incidents_incident_id ......................... [RUN]
[0m00:16:03.905614 [debug] [Thread-1 (]: Re-using an available connection from the pool (formerly test.portflow.not_null_fct_incidents_equipment_id.e2a76d758b, now test.portflow.not_null_fct_incidents_incident_id.0ad82bb242)
[0m00:16:03.905614 [debug] [Thread-1 (]: Began compiling node test.portflow.not_null_fct_incidents_incident_id.0ad82bb242
[0m00:16:03.912639 [debug] [Thread-1 (]: Writing injected SQL for node "test.portflow.not_null_fct_incidents_incident_id.0ad82bb242"
[0m00:16:03.913647 [debug] [Thread-1 (]: Began executing node test.portflow.not_null_fct_incidents_incident_id.0ad82bb242
[0m00:16:03.915768 [debug] [Thread-1 (]: Writing runtime sql for node "test.portflow.not_null_fct_incidents_incident_id.0ad82bb242"
[0m00:16:03.916790 [debug] [Thread-1 (]: Using duckdb connection "test.portflow.not_null_fct_incidents_incident_id.0ad82bb242"
[0m00:16:03.917764 [debug] [Thread-1 (]: On test.portflow.not_null_fct_incidents_incident_id.0ad82bb242: BEGIN
[0m00:16:03.917764 [debug] [Thread-1 (]: Opening a new connection, currently in state closed
[0m00:16:03.918785 [debug] [Thread-1 (]: SQL status: OK in 0.001 seconds
[0m00:16:03.918785 [debug] [Thread-1 (]: Using duckdb connection "test.portflow.not_null_fct_incidents_incident_id.0ad82bb242"
[0m00:16:03.918785 [debug] [Thread-1 (]: On test.portflow.not_null_fct_incidents_incident_id.0ad82bb242: /* {"app": "dbt", "dbt_version": "1.12.3", "profile_name": "portflow", "target_name": "local", "node_id": "test.portflow.not_null_fct_incidents_incident_id.0ad82bb242"} */

    
    select
      count(*) as failures,
      count(*) != 0 as should_warn,
      count(*) != 0 as should_error
    from (
      
    
  
    
    



select incident_id
from "portflow"."main"."fct_incidents"
where incident_id is null



  
  
      
    ) dbt_internal_test
[0m00:16:03.920537 [debug] [Thread-1 (]: SQL status: OK in 0.001 seconds
[0m00:16:03.921592 [debug] [Thread-1 (]: On test.portflow.not_null_fct_incidents_incident_id.0ad82bb242: ROLLBACK
[0m00:16:03.922572 [debug] [Thread-1 (]: On test.portflow.not_null_fct_incidents_incident_id.0ad82bb242: Close
[0m00:16:03.922572 [info ] [Thread-1 (]: 15 of 31 PASS not_null_fct_incidents_incident_id ............................... [[32mPASS[0m in 0.02s]
[0m00:16:03.922572 [debug] [Thread-1 (]: Finished running node test.portflow.not_null_fct_incidents_incident_id.0ad82bb242
[0m00:16:03.924097 [debug] [Thread-1 (]: Began running node test.portflow.unique_fct_incidents_incident_id.cc50abdeda
[0m00:16:03.924097 [info ] [Thread-1 (]: 16 of 31 START test unique_fct_incidents_incident_id ........................... [RUN]
[0m00:16:03.924097 [debug] [Thread-1 (]: Re-using an available connection from the pool (formerly test.portflow.not_null_fct_incidents_incident_id.0ad82bb242, now test.portflow.unique_fct_incidents_incident_id.cc50abdeda)
[0m00:16:03.925625 [debug] [Thread-1 (]: Began compiling node test.portflow.unique_fct_incidents_incident_id.cc50abdeda
[0m00:16:03.931734 [debug] [Thread-1 (]: Writing injected SQL for node "test.portflow.unique_fct_incidents_incident_id.cc50abdeda"
[0m00:16:03.932750 [debug] [Thread-1 (]: Began executing node test.portflow.unique_fct_incidents_incident_id.cc50abdeda
[0m00:16:03.934747 [debug] [Thread-1 (]: Writing runtime sql for node "test.portflow.unique_fct_incidents_incident_id.cc50abdeda"
[0m00:16:03.936101 [debug] [Thread-1 (]: Using duckdb connection "test.portflow.unique_fct_incidents_incident_id.cc50abdeda"
[0m00:16:03.936607 [debug] [Thread-1 (]: On test.portflow.unique_fct_incidents_incident_id.cc50abdeda: BEGIN
[0m00:16:03.936607 [debug] [Thread-1 (]: Opening a new connection, currently in state closed
[0m00:16:03.937844 [debug] [Thread-1 (]: SQL status: OK in 0.001 seconds
[0m00:16:03.937844 [debug] [Thread-1 (]: Using duckdb connection "test.portflow.unique_fct_incidents_incident_id.cc50abdeda"
[0m00:16:03.938847 [debug] [Thread-1 (]: On test.portflow.unique_fct_incidents_incident_id.cc50abdeda: /* {"app": "dbt", "dbt_version": "1.12.3", "profile_name": "portflow", "target_name": "local", "node_id": "test.portflow.unique_fct_incidents_incident_id.cc50abdeda"} */

    
    select
      count(*) as failures,
      count(*) != 0 as should_warn,
      count(*) != 0 as should_error
    from (
      
    
  
    
    

select
    incident_id as unique_field,
    count(*) as n_records

from "portflow"."main"."fct_incidents"
where incident_id is not null
group by incident_id
having count(*) > 1



  
  
      
    ) dbt_internal_test
[0m00:16:03.940879 [debug] [Thread-1 (]: SQL status: OK in 0.002 seconds
[0m00:16:03.942886 [debug] [Thread-1 (]: On test.portflow.unique_fct_incidents_incident_id.cc50abdeda: ROLLBACK
[0m00:16:03.942886 [debug] [Thread-1 (]: On test.portflow.unique_fct_incidents_incident_id.cc50abdeda: Close
[0m00:16:03.943975 [info ] [Thread-1 (]: 16 of 31 PASS unique_fct_incidents_incident_id ................................. [[32mPASS[0m in 0.02s]
[0m00:16:03.943975 [debug] [Thread-1 (]: Finished running node test.portflow.unique_fct_incidents_incident_id.cc50abdeda
[0m00:16:03.944979 [debug] [Thread-1 (]: Began running node test.portflow.accepted_values_fct_equipment_telemetry_state__IDLE__ACTIVE__WARNING__UNAVAILABLE__MAINTENANCE.db8157eace
[0m00:16:03.944979 [info ] [Thread-1 (]: 17 of 31 START test accepted_values_fct_equipment_telemetry_state__IDLE__ACTIVE__WARNING__UNAVAILABLE__MAINTENANCE  [RUN]
[0m00:16:03.945928 [debug] [Thread-1 (]: Re-using an available connection from the pool (formerly test.portflow.unique_fct_incidents_incident_id.cc50abdeda, now test.portflow.accepted_values_fct_equipment_telemetry_state__IDLE__ACTIVE__WARNING__UNAVAILABLE__MAINTENANCE.db8157eace)
[0m00:16:03.945928 [debug] [Thread-1 (]: Began compiling node test.portflow.accepted_values_fct_equipment_telemetry_state__IDLE__ACTIVE__WARNING__UNAVAILABLE__MAINTENANCE.db8157eace
[0m00:16:03.952007 [debug] [Thread-1 (]: Writing injected SQL for node "test.portflow.accepted_values_fct_equipment_telemetry_state__IDLE__ACTIVE__WARNING__UNAVAILABLE__MAINTENANCE.db8157eace"
[0m00:16:03.953530 [debug] [Thread-1 (]: Began executing node test.portflow.accepted_values_fct_equipment_telemetry_state__IDLE__ACTIVE__WARNING__UNAVAILABLE__MAINTENANCE.db8157eace
[0m00:16:03.956615 [debug] [Thread-1 (]: Writing runtime sql for node "test.portflow.accepted_values_fct_equipment_telemetry_state__IDLE__ACTIVE__WARNING__UNAVAILABLE__MAINTENANCE.db8157eace"
[0m00:16:03.957634 [debug] [Thread-1 (]: Using duckdb connection "test.portflow.accepted_values_fct_equipment_telemetry_state__IDLE__ACTIVE__WARNING__UNAVAILABLE__MAINTENANCE.db8157eace"
[0m00:16:03.958634 [debug] [Thread-1 (]: On test.portflow.accepted_values_fct_equipment_telemetry_state__IDLE__ACTIVE__WARNING__UNAVAILABLE__MAINTENANCE.db8157eace: BEGIN
[0m00:16:03.958634 [debug] [Thread-1 (]: Opening a new connection, currently in state closed
[0m00:16:03.959534 [debug] [Thread-1 (]: SQL status: OK in 0.001 seconds
[0m00:16:03.959534 [debug] [Thread-1 (]: Using duckdb connection "test.portflow.accepted_values_fct_equipment_telemetry_state__IDLE__ACTIVE__WARNING__UNAVAILABLE__MAINTENANCE.db8157eace"
[0m00:16:03.960639 [debug] [Thread-1 (]: On test.portflow.accepted_values_fct_equipment_telemetry_state__IDLE__ACTIVE__WARNING__UNAVAILABLE__MAINTENANCE.db8157eace: /* {"app": "dbt", "dbt_version": "1.12.3", "profile_name": "portflow", "target_name": "local", "node_id": "test.portflow.accepted_values_fct_equipment_telemetry_state__IDLE__ACTIVE__WARNING__UNAVAILABLE__MAINTENANCE.db8157eace"} */

    
    select
      count(*) as failures,
      count(*) != 0 as should_warn,
      count(*) != 0 as should_error
    from (
      
    
  
    
    

with all_values as (

    select
        state as value_field,
        count(*) as n_records

    from "portflow"."main"."fct_equipment_telemetry"
    group by state

)

select *
from all_values
where value_field not in (
    'IDLE','ACTIVE','WARNING','UNAVAILABLE','MAINTENANCE'
)



  
  
      
    ) dbt_internal_test
[0m00:16:03.962332 [debug] [Thread-1 (]: SQL status: OK in 0.001 seconds
[0m00:16:03.963360 [debug] [Thread-1 (]: On test.portflow.accepted_values_fct_equipment_telemetry_state__IDLE__ACTIVE__WARNING__UNAVAILABLE__MAINTENANCE.db8157eace: ROLLBACK
[0m00:16:03.964365 [debug] [Thread-1 (]: On test.portflow.accepted_values_fct_equipment_telemetry_state__IDLE__ACTIVE__WARNING__UNAVAILABLE__MAINTENANCE.db8157eace: Close
[0m00:16:03.964365 [info ] [Thread-1 (]: 17 of 31 PASS accepted_values_fct_equipment_telemetry_state__IDLE__ACTIVE__WARNING__UNAVAILABLE__MAINTENANCE  [[32mPASS[0m in 0.02s]
[0m00:16:03.965367 [debug] [Thread-1 (]: Finished running node test.portflow.accepted_values_fct_equipment_telemetry_state__IDLE__ACTIVE__WARNING__UNAVAILABLE__MAINTENANCE.db8157eace
[0m00:16:03.965367 [debug] [Thread-1 (]: Began running node test.portflow.not_null_fct_equipment_telemetry_available.3da5cbad9a
[0m00:16:03.965367 [info ] [Thread-1 (]: 18 of 31 START test not_null_fct_equipment_telemetry_available ................. [RUN]
[0m00:16:03.966875 [debug] [Thread-1 (]: Re-using an available connection from the pool (formerly test.portflow.accepted_values_fct_equipment_telemetry_state__IDLE__ACTIVE__WARNING__UNAVAILABLE__MAINTENANCE.db8157eace, now test.portflow.not_null_fct_equipment_telemetry_available.3da5cbad9a)
[0m00:16:03.967632 [debug] [Thread-1 (]: Began compiling node test.portflow.not_null_fct_equipment_telemetry_available.3da5cbad9a
[0m00:16:03.973749 [debug] [Thread-1 (]: Writing injected SQL for node "test.portflow.not_null_fct_equipment_telemetry_available.3da5cbad9a"
[0m00:16:03.974756 [debug] [Thread-1 (]: Began executing node test.portflow.not_null_fct_equipment_telemetry_available.3da5cbad9a
[0m00:16:03.976271 [debug] [Thread-1 (]: Writing runtime sql for node "test.portflow.not_null_fct_equipment_telemetry_available.3da5cbad9a"
[0m00:16:03.978276 [debug] [Thread-1 (]: Using duckdb connection "test.portflow.not_null_fct_equipment_telemetry_available.3da5cbad9a"
[0m00:16:03.978276 [debug] [Thread-1 (]: On test.portflow.not_null_fct_equipment_telemetry_available.3da5cbad9a: BEGIN
[0m00:16:03.978276 [debug] [Thread-1 (]: Opening a new connection, currently in state closed
[0m00:16:03.979280 [debug] [Thread-1 (]: SQL status: OK in 0.001 seconds
[0m00:16:03.979280 [debug] [Thread-1 (]: Using duckdb connection "test.portflow.not_null_fct_equipment_telemetry_available.3da5cbad9a"
[0m00:16:03.979280 [debug] [Thread-1 (]: On test.portflow.not_null_fct_equipment_telemetry_available.3da5cbad9a: /* {"app": "dbt", "dbt_version": "1.12.3", "profile_name": "portflow", "target_name": "local", "node_id": "test.portflow.not_null_fct_equipment_telemetry_available.3da5cbad9a"} */

    
    select
      count(*) as failures,
      count(*) != 0 as should_warn,
      count(*) != 0 as should_error
    from (
      
    
  
    
    



select available
from "portflow"."main"."fct_equipment_telemetry"
where available is null



  
  
      
    ) dbt_internal_test
[0m00:16:03.980894 [debug] [Thread-1 (]: SQL status: OK in 0.001 seconds
[0m00:16:03.982951 [debug] [Thread-1 (]: On test.portflow.not_null_fct_equipment_telemetry_available.3da5cbad9a: ROLLBACK
[0m00:16:03.982951 [debug] [Thread-1 (]: On test.portflow.not_null_fct_equipment_telemetry_available.3da5cbad9a: Close
[0m00:16:03.984027 [info ] [Thread-1 (]: 18 of 31 PASS not_null_fct_equipment_telemetry_available ....................... [[32mPASS[0m in 0.02s]
[0m00:16:03.984992 [debug] [Thread-1 (]: Finished running node test.portflow.not_null_fct_equipment_telemetry_available.3da5cbad9a
[0m00:16:03.984992 [debug] [Thread-1 (]: Began running node test.portflow.not_null_fct_equipment_telemetry_equipment_id.4a8e668b39
[0m00:16:03.984992 [info ] [Thread-1 (]: 19 of 31 START test not_null_fct_equipment_telemetry_equipment_id .............. [RUN]
[0m00:16:03.986026 [debug] [Thread-1 (]: Re-using an available connection from the pool (formerly test.portflow.not_null_fct_equipment_telemetry_available.3da5cbad9a, now test.portflow.not_null_fct_equipment_telemetry_equipment_id.4a8e668b39)
[0m00:16:03.986026 [debug] [Thread-1 (]: Began compiling node test.portflow.not_null_fct_equipment_telemetry_equipment_id.4a8e668b39
[0m00:16:03.990704 [debug] [Thread-1 (]: Writing injected SQL for node "test.portflow.not_null_fct_equipment_telemetry_equipment_id.4a8e668b39"
[0m00:16:03.993808 [debug] [Thread-1 (]: Began executing node test.portflow.not_null_fct_equipment_telemetry_equipment_id.4a8e668b39
[0m00:16:03.995809 [debug] [Thread-1 (]: Writing runtime sql for node "test.portflow.not_null_fct_equipment_telemetry_equipment_id.4a8e668b39"
[0m00:16:03.996807 [debug] [Thread-1 (]: Using duckdb connection "test.portflow.not_null_fct_equipment_telemetry_equipment_id.4a8e668b39"
[0m00:16:03.996807 [debug] [Thread-1 (]: On test.portflow.not_null_fct_equipment_telemetry_equipment_id.4a8e668b39: BEGIN
[0m00:16:03.996807 [debug] [Thread-1 (]: Opening a new connection, currently in state closed
[0m00:16:03.998562 [debug] [Thread-1 (]: SQL status: OK in 0.001 seconds
[0m00:16:03.998562 [debug] [Thread-1 (]: Using duckdb connection "test.portflow.not_null_fct_equipment_telemetry_equipment_id.4a8e668b39"
[0m00:16:03.999572 [debug] [Thread-1 (]: On test.portflow.not_null_fct_equipment_telemetry_equipment_id.4a8e668b39: /* {"app": "dbt", "dbt_version": "1.12.3", "profile_name": "portflow", "target_name": "local", "node_id": "test.portflow.not_null_fct_equipment_telemetry_equipment_id.4a8e668b39"} */

    
    select
      count(*) as failures,
      count(*) != 0 as should_warn,
      count(*) != 0 as should_error
    from (
      
    
  
    
    



select equipment_id
from "portflow"."main"."fct_equipment_telemetry"
where equipment_id is null



  
  
      
    ) dbt_internal_test
[0m00:16:04.000571 [debug] [Thread-1 (]: SQL status: OK in 0.001 seconds
[0m00:16:04.002588 [debug] [Thread-1 (]: On test.portflow.not_null_fct_equipment_telemetry_equipment_id.4a8e668b39: ROLLBACK
[0m00:16:04.002588 [debug] [Thread-1 (]: On test.portflow.not_null_fct_equipment_telemetry_equipment_id.4a8e668b39: Close
[0m00:16:04.003597 [info ] [Thread-1 (]: 19 of 31 PASS not_null_fct_equipment_telemetry_equipment_id .................... [[32mPASS[0m in 0.02s]
[0m00:16:04.004598 [debug] [Thread-1 (]: Finished running node test.portflow.not_null_fct_equipment_telemetry_equipment_id.4a8e668b39
[0m00:16:04.004598 [debug] [Thread-1 (]: Began running node test.portflow.not_null_fct_equipment_telemetry_event_id.afde043a43
[0m00:16:04.005596 [info ] [Thread-1 (]: 20 of 31 START test not_null_fct_equipment_telemetry_event_id .................. [RUN]
[0m00:16:04.005596 [debug] [Thread-1 (]: Re-using an available connection from the pool (formerly test.portflow.not_null_fct_equipment_telemetry_equipment_id.4a8e668b39, now test.portflow.not_null_fct_equipment_telemetry_event_id.afde043a43)
[0m00:16:04.006598 [debug] [Thread-1 (]: Began compiling node test.portflow.not_null_fct_equipment_telemetry_event_id.afde043a43
[0m00:16:04.013612 [debug] [Thread-1 (]: Writing injected SQL for node "test.portflow.not_null_fct_equipment_telemetry_event_id.afde043a43"
[0m00:16:04.014621 [debug] [Thread-1 (]: Began executing node test.portflow.not_null_fct_equipment_telemetry_event_id.afde043a43
[0m00:16:04.016621 [debug] [Thread-1 (]: Writing runtime sql for node "test.portflow.not_null_fct_equipment_telemetry_event_id.afde043a43"
[0m00:16:04.017619 [debug] [Thread-1 (]: Using duckdb connection "test.portflow.not_null_fct_equipment_telemetry_event_id.afde043a43"
[0m00:16:04.017619 [debug] [Thread-1 (]: On test.portflow.not_null_fct_equipment_telemetry_event_id.afde043a43: BEGIN
[0m00:16:04.018621 [debug] [Thread-1 (]: Opening a new connection, currently in state closed
[0m00:16:04.018621 [debug] [Thread-1 (]: SQL status: OK in 0.001 seconds
[0m00:16:04.019620 [debug] [Thread-1 (]: Using duckdb connection "test.portflow.not_null_fct_equipment_telemetry_event_id.afde043a43"
[0m00:16:04.019620 [debug] [Thread-1 (]: On test.portflow.not_null_fct_equipment_telemetry_event_id.afde043a43: /* {"app": "dbt", "dbt_version": "1.12.3", "profile_name": "portflow", "target_name": "local", "node_id": "test.portflow.not_null_fct_equipment_telemetry_event_id.afde043a43"} */

    
    select
      count(*) as failures,
      count(*) != 0 as should_warn,
      count(*) != 0 as should_error
    from (
      
    
  
    
    



select event_id
from "portflow"."main"."fct_equipment_telemetry"
where event_id is null



  
  
      
    ) dbt_internal_test
[0m00:16:04.020621 [debug] [Thread-1 (]: SQL status: OK in 0.001 seconds
[0m00:16:04.022135 [debug] [Thread-1 (]: On test.portflow.not_null_fct_equipment_telemetry_event_id.afde043a43: ROLLBACK
[0m00:16:04.022135 [debug] [Thread-1 (]: On test.portflow.not_null_fct_equipment_telemetry_event_id.afde043a43: Close
[0m00:16:04.023643 [info ] [Thread-1 (]: 20 of 31 PASS not_null_fct_equipment_telemetry_event_id ........................ [[32mPASS[0m in 0.02s]
[0m00:16:04.023643 [debug] [Thread-1 (]: Finished running node test.portflow.not_null_fct_equipment_telemetry_event_id.afde043a43
[0m00:16:04.024652 [debug] [Thread-1 (]: Began running node test.portflow.not_null_fct_equipment_telemetry_terminal_id.866092d6e8
[0m00:16:04.024652 [info ] [Thread-1 (]: 21 of 31 START test not_null_fct_equipment_telemetry_terminal_id ............... [RUN]
[0m00:16:04.025650 [debug] [Thread-1 (]: Re-using an available connection from the pool (formerly test.portflow.not_null_fct_equipment_telemetry_event_id.afde043a43, now test.portflow.not_null_fct_equipment_telemetry_terminal_id.866092d6e8)
[0m00:16:04.026157 [debug] [Thread-1 (]: Began compiling node test.portflow.not_null_fct_equipment_telemetry_terminal_id.866092d6e8
[0m00:16:04.032463 [debug] [Thread-1 (]: Writing injected SQL for node "test.portflow.not_null_fct_equipment_telemetry_terminal_id.866092d6e8"
[0m00:16:04.033969 [debug] [Thread-1 (]: Began executing node test.portflow.not_null_fct_equipment_telemetry_terminal_id.866092d6e8
[0m00:16:04.034979 [debug] [Thread-1 (]: Writing runtime sql for node "test.portflow.not_null_fct_equipment_telemetry_terminal_id.866092d6e8"
[0m00:16:04.035978 [debug] [Thread-1 (]: Using duckdb connection "test.portflow.not_null_fct_equipment_telemetry_terminal_id.866092d6e8"
[0m00:16:04.036978 [debug] [Thread-1 (]: On test.portflow.not_null_fct_equipment_telemetry_terminal_id.866092d6e8: BEGIN
[0m00:16:04.036978 [debug] [Thread-1 (]: Opening a new connection, currently in state closed
[0m00:16:04.037979 [debug] [Thread-1 (]: SQL status: OK in 0.001 seconds
[0m00:16:04.037979 [debug] [Thread-1 (]: Using duckdb connection "test.portflow.not_null_fct_equipment_telemetry_terminal_id.866092d6e8"
[0m00:16:04.037979 [debug] [Thread-1 (]: On test.portflow.not_null_fct_equipment_telemetry_terminal_id.866092d6e8: /* {"app": "dbt", "dbt_version": "1.12.3", "profile_name": "portflow", "target_name": "local", "node_id": "test.portflow.not_null_fct_equipment_telemetry_terminal_id.866092d6e8"} */

    
    select
      count(*) as failures,
      count(*) != 0 as should_warn,
      count(*) != 0 as should_error
    from (
      
    
  
    
    



select terminal_id
from "portflow"."main"."fct_equipment_telemetry"
where terminal_id is null



  
  
      
    ) dbt_internal_test
[0m00:16:04.039488 [debug] [Thread-1 (]: SQL status: OK in 0.001 seconds
[0m00:16:04.041004 [debug] [Thread-1 (]: On test.portflow.not_null_fct_equipment_telemetry_terminal_id.866092d6e8: ROLLBACK
[0m00:16:04.042011 [debug] [Thread-1 (]: On test.portflow.not_null_fct_equipment_telemetry_terminal_id.866092d6e8: Close
[0m00:16:04.043053 [info ] [Thread-1 (]: 21 of 31 PASS not_null_fct_equipment_telemetry_terminal_id ..................... [[32mPASS[0m in 0.02s]
[0m00:16:04.043053 [debug] [Thread-1 (]: Finished running node test.portflow.not_null_fct_equipment_telemetry_terminal_id.866092d6e8
[0m00:16:04.044113 [debug] [Thread-1 (]: Began running node test.portflow.relationships_fct_incidents_equipment_id__equipment_id__ref_fct_equipment_telemetry_.3debbbf1bf
[0m00:16:04.044629 [info ] [Thread-1 (]: 22 of 31 START test relationships_fct_incidents_equipment_id__equipment_id__ref_fct_equipment_telemetry_  [RUN]
[0m00:16:04.045434 [debug] [Thread-1 (]: Re-using an available connection from the pool (formerly test.portflow.not_null_fct_equipment_telemetry_terminal_id.866092d6e8, now test.portflow.relationships_fct_incidents_equipment_id__equipment_id__ref_fct_equipment_telemetry_.3debbbf1bf)
[0m00:16:04.045434 [debug] [Thread-1 (]: Began compiling node test.portflow.relationships_fct_incidents_equipment_id__equipment_id__ref_fct_equipment_telemetry_.3debbbf1bf
[0m00:16:04.054883 [debug] [Thread-1 (]: Writing injected SQL for node "test.portflow.relationships_fct_incidents_equipment_id__equipment_id__ref_fct_equipment_telemetry_.3debbbf1bf"
[0m00:16:04.121571 [debug] [Thread-1 (]: Began executing node test.portflow.relationships_fct_incidents_equipment_id__equipment_id__ref_fct_equipment_telemetry_.3debbbf1bf
[0m00:16:04.125905 [debug] [Thread-1 (]: Writing runtime sql for node "test.portflow.relationships_fct_incidents_equipment_id__equipment_id__ref_fct_equipment_telemetry_.3debbbf1bf"
[0m00:16:04.129015 [debug] [Thread-1 (]: Using duckdb connection "test.portflow.relationships_fct_incidents_equipment_id__equipment_id__ref_fct_equipment_telemetry_.3debbbf1bf"
[0m00:16:04.129015 [debug] [Thread-1 (]: On test.portflow.relationships_fct_incidents_equipment_id__equipment_id__ref_fct_equipment_telemetry_.3debbbf1bf: BEGIN
[0m00:16:04.129015 [debug] [Thread-1 (]: Opening a new connection, currently in state closed
[0m00:16:04.130527 [debug] [Thread-1 (]: SQL status: OK in 0.001 seconds
[0m00:16:04.131541 [debug] [Thread-1 (]: Using duckdb connection "test.portflow.relationships_fct_incidents_equipment_id__equipment_id__ref_fct_equipment_telemetry_.3debbbf1bf"
[0m00:16:04.131541 [debug] [Thread-1 (]: On test.portflow.relationships_fct_incidents_equipment_id__equipment_id__ref_fct_equipment_telemetry_.3debbbf1bf: /* {"app": "dbt", "dbt_version": "1.12.3", "profile_name": "portflow", "target_name": "local", "node_id": "test.portflow.relationships_fct_incidents_equipment_id__equipment_id__ref_fct_equipment_telemetry_.3debbbf1bf"} */

    
    select
      count(*) as failures,
      count(*) != 0 as should_warn,
      count(*) != 0 as should_error
    from (
      
    
  
    
    

with child as (
    select equipment_id as from_field
    from "portflow"."main"."fct_incidents"
    where equipment_id is not null
),

parent as (
    select equipment_id as to_field
    from "portflow"."main"."fct_equipment_telemetry"
)

select
    from_field

from child
left join parent
    on child.from_field = parent.to_field

where parent.to_field is null



  
  
      
    ) dbt_internal_test
[0m00:16:04.139757 [debug] [Thread-1 (]: SQL status: OK in 0.007 seconds
[0m00:16:04.143474 [debug] [Thread-1 (]: On test.portflow.relationships_fct_incidents_equipment_id__equipment_id__ref_fct_equipment_telemetry_.3debbbf1bf: ROLLBACK
[0m00:16:04.144025 [debug] [Thread-1 (]: On test.portflow.relationships_fct_incidents_equipment_id__equipment_id__ref_fct_equipment_telemetry_.3debbbf1bf: Close
[0m00:16:04.145094 [info ] [Thread-1 (]: 22 of 31 PASS relationships_fct_incidents_equipment_id__equipment_id__ref_fct_equipment_telemetry_  [[32mPASS[0m in 0.10s]
[0m00:16:04.145659 [debug] [Thread-1 (]: Finished running node test.portflow.relationships_fct_incidents_equipment_id__equipment_id__ref_fct_equipment_telemetry_.3debbbf1bf
[0m00:16:04.146199 [debug] [Thread-1 (]: Began running node test.portflow.relationships_fct_movements_terminal_id__terminal_id__ref_fct_equipment_telemetry_.03720c8b14
[0m00:16:04.146199 [info ] [Thread-1 (]: 23 of 31 START test relationships_fct_movements_terminal_id__terminal_id__ref_fct_equipment_telemetry_  [RUN]
[0m00:16:04.147146 [debug] [Thread-1 (]: Re-using an available connection from the pool (formerly test.portflow.relationships_fct_incidents_equipment_id__equipment_id__ref_fct_equipment_telemetry_.3debbbf1bf, now test.portflow.relationships_fct_movements_terminal_id__terminal_id__ref_fct_equipment_telemetry_.03720c8b14)
[0m00:16:04.147668 [debug] [Thread-1 (]: Began compiling node test.portflow.relationships_fct_movements_terminal_id__terminal_id__ref_fct_equipment_telemetry_.03720c8b14
[0m00:16:04.156406 [debug] [Thread-1 (]: Writing injected SQL for node "test.portflow.relationships_fct_movements_terminal_id__terminal_id__ref_fct_equipment_telemetry_.03720c8b14"
[0m00:16:04.157913 [debug] [Thread-1 (]: Began executing node test.portflow.relationships_fct_movements_terminal_id__terminal_id__ref_fct_equipment_telemetry_.03720c8b14
[0m00:16:04.160429 [debug] [Thread-1 (]: Writing runtime sql for node "test.portflow.relationships_fct_movements_terminal_id__terminal_id__ref_fct_equipment_telemetry_.03720c8b14"
[0m00:16:04.161437 [debug] [Thread-1 (]: Using duckdb connection "test.portflow.relationships_fct_movements_terminal_id__terminal_id__ref_fct_equipment_telemetry_.03720c8b14"
[0m00:16:04.161437 [debug] [Thread-1 (]: On test.portflow.relationships_fct_movements_terminal_id__terminal_id__ref_fct_equipment_telemetry_.03720c8b14: BEGIN
[0m00:16:04.162444 [debug] [Thread-1 (]: Opening a new connection, currently in state closed
[0m00:16:04.162444 [debug] [Thread-1 (]: SQL status: OK in 0.001 seconds
[0m00:16:04.163454 [debug] [Thread-1 (]: Using duckdb connection "test.portflow.relationships_fct_movements_terminal_id__terminal_id__ref_fct_equipment_telemetry_.03720c8b14"
[0m00:16:04.163454 [debug] [Thread-1 (]: On test.portflow.relationships_fct_movements_terminal_id__terminal_id__ref_fct_equipment_telemetry_.03720c8b14: /* {"app": "dbt", "dbt_version": "1.12.3", "profile_name": "portflow", "target_name": "local", "node_id": "test.portflow.relationships_fct_movements_terminal_id__terminal_id__ref_fct_equipment_telemetry_.03720c8b14"} */

    
    select
      count(*) as failures,
      count(*) != 0 as should_warn,
      count(*) != 0 as should_error
    from (
      
    
  
    
    

with child as (
    select terminal_id as from_field
    from "portflow"."main"."fct_movements"
    where terminal_id is not null
),

parent as (
    select terminal_id as to_field
    from "portflow"."main"."fct_equipment_telemetry"
)

select
    from_field

from child
left join parent
    on child.from_field = parent.to_field

where parent.to_field is null



  
  
      
    ) dbt_internal_test
[0m00:16:04.165440 [debug] [Thread-1 (]: SQL status: OK in 0.002 seconds
[0m00:16:04.167041 [debug] [Thread-1 (]: On test.portflow.relationships_fct_movements_terminal_id__terminal_id__ref_fct_equipment_telemetry_.03720c8b14: ROLLBACK
[0m00:16:04.168052 [debug] [Thread-1 (]: On test.portflow.relationships_fct_movements_terminal_id__terminal_id__ref_fct_equipment_telemetry_.03720c8b14: Close
[0m00:16:04.168561 [info ] [Thread-1 (]: 23 of 31 PASS relationships_fct_movements_terminal_id__terminal_id__ref_fct_equipment_telemetry_  [[32mPASS[0m in 0.02s]
[0m00:16:04.168561 [debug] [Thread-1 (]: Finished running node test.portflow.relationships_fct_movements_terminal_id__terminal_id__ref_fct_equipment_telemetry_.03720c8b14
[0m00:16:04.169974 [debug] [Thread-1 (]: Began running node test.portflow.unique_fct_equipment_telemetry_event_id.df065f906b
[0m00:16:04.170484 [info ] [Thread-1 (]: 24 of 31 START test unique_fct_equipment_telemetry_event_id .................... [RUN]
[0m00:16:04.171497 [debug] [Thread-1 (]: Re-using an available connection from the pool (formerly test.portflow.relationships_fct_movements_terminal_id__terminal_id__ref_fct_equipment_telemetry_.03720c8b14, now test.portflow.unique_fct_equipment_telemetry_event_id.df065f906b)
[0m00:16:04.171497 [debug] [Thread-1 (]: Began compiling node test.portflow.unique_fct_equipment_telemetry_event_id.df065f906b
[0m00:16:04.178513 [debug] [Thread-1 (]: Writing injected SQL for node "test.portflow.unique_fct_equipment_telemetry_event_id.df065f906b"
[0m00:16:04.179519 [debug] [Thread-1 (]: Began executing node test.portflow.unique_fct_equipment_telemetry_event_id.df065f906b
[0m00:16:04.181816 [debug] [Thread-1 (]: Writing runtime sql for node "test.portflow.unique_fct_equipment_telemetry_event_id.df065f906b"
[0m00:16:04.183324 [debug] [Thread-1 (]: Using duckdb connection "test.portflow.unique_fct_equipment_telemetry_event_id.df065f906b"
[0m00:16:04.183937 [debug] [Thread-1 (]: On test.portflow.unique_fct_equipment_telemetry_event_id.df065f906b: BEGIN
[0m00:16:04.183937 [debug] [Thread-1 (]: Opening a new connection, currently in state closed
[0m00:16:04.184945 [debug] [Thread-1 (]: SQL status: OK in 0.001 seconds
[0m00:16:04.184945 [debug] [Thread-1 (]: Using duckdb connection "test.portflow.unique_fct_equipment_telemetry_event_id.df065f906b"
[0m00:16:04.185943 [debug] [Thread-1 (]: On test.portflow.unique_fct_equipment_telemetry_event_id.df065f906b: /* {"app": "dbt", "dbt_version": "1.12.3", "profile_name": "portflow", "target_name": "local", "node_id": "test.portflow.unique_fct_equipment_telemetry_event_id.df065f906b"} */

    
    select
      count(*) as failures,
      count(*) != 0 as should_warn,
      count(*) != 0 as should_error
    from (
      
    
  
    
    

select
    event_id as unique_field,
    count(*) as n_records

from "portflow"."main"."fct_equipment_telemetry"
where event_id is not null
group by event_id
having count(*) > 1



  
  
      
    ) dbt_internal_test
[0m00:16:04.188942 [debug] [Thread-1 (]: SQL status: OK in 0.003 seconds
[0m00:16:04.190467 [debug] [Thread-1 (]: On test.portflow.unique_fct_equipment_telemetry_event_id.df065f906b: ROLLBACK
[0m00:16:04.190467 [debug] [Thread-1 (]: On test.portflow.unique_fct_equipment_telemetry_event_id.df065f906b: Close
[0m00:16:04.191481 [info ] [Thread-1 (]: 24 of 31 PASS unique_fct_equipment_telemetry_event_id .......................... [[32mPASS[0m in 0.02s]
[0m00:16:04.192477 [debug] [Thread-1 (]: Finished running node test.portflow.unique_fct_equipment_telemetry_event_id.df065f906b
[0m00:16:04.192477 [debug] [Thread-1 (]: Began running node model.portflow.overview_kpis
[0m00:16:04.193988 [info ] [Thread-1 (]: 25 of 31 START sql table model main.overview_kpis .............................. [RUN]
[0m00:16:04.193988 [debug] [Thread-1 (]: Re-using an available connection from the pool (formerly test.portflow.unique_fct_equipment_telemetry_event_id.df065f906b, now model.portflow.overview_kpis)
[0m00:16:04.193988 [debug] [Thread-1 (]: Began compiling node model.portflow.overview_kpis
[0m00:16:04.196999 [debug] [Thread-1 (]: Writing injected SQL for node "model.portflow.overview_kpis"
[0m00:16:04.198001 [debug] [Thread-1 (]: Began executing node model.portflow.overview_kpis
[0m00:16:04.201646 [debug] [Thread-1 (]: Writing runtime sql for node "model.portflow.overview_kpis"
[0m00:16:04.202649 [debug] [Thread-1 (]: Using duckdb connection "model.portflow.overview_kpis"
[0m00:16:04.202649 [debug] [Thread-1 (]: On model.portflow.overview_kpis: BEGIN
[0m00:16:04.202649 [debug] [Thread-1 (]: Opening a new connection, currently in state closed
[0m00:16:04.203649 [debug] [Thread-1 (]: SQL status: OK in 0.001 seconds
[0m00:16:04.204648 [debug] [Thread-1 (]: Using duckdb connection "model.portflow.overview_kpis"
[0m00:16:04.204648 [debug] [Thread-1 (]: On model.portflow.overview_kpis: /* {"app": "dbt", "dbt_version": "1.12.3", "profile_name": "portflow", "target_name": "local", "node_id": "model.portflow.overview_kpis"} */

    

    create  table
      "portflow"."main"."overview_kpis__dbt_tmp"
  
    
    as (
      with telemetry_period as (
    select
        terminal_id,
        min(event_timestamp) as source_period_start,
        max(event_timestamp) as source_period_end,
        count(*) as scheduled_intervals,
        count(*) filter (where available) as available_intervals,
        count(*) filter (where state = 'ACTIVE') as active_intervals,
        count(*) filter (where available) * 5 as available_time_minutes
    from "portflow"."main"."fct_equipment_telemetry"
    group by terminal_id
),
movement_pairs as (
    select
        terminal_id,
        container_ref,
        min(event_timestamp) filter (where movement_type in ('GATE_IN', 'LOAD')) as entry_timestamp,
        max(event_timestamp) filter (where movement_type in ('GATE_OUT', 'DISCHARGE')) as exit_timestamp
    from "portflow"."main"."fct_movements"
    group by terminal_id, container_ref
),
movement_metrics as (
    select
        terminal_id,
        count(*) filter (where entry_timestamp is not null and exit_timestamp is not null) as throughput,
        avg(
            date_diff('second', entry_timestamp, exit_timestamp) / 60.0
        ) filter (where entry_timestamp is not null and exit_timestamp is not null) as average_dwell_minutes
    from movement_pairs
    group by terminal_id
),
incident_metrics as (
    select
        p.terminal_id,
        count(*) filter (where i.status = 'RESOLVED') as resolved_incident_count,
        coalesce(
            sum(date_diff('second', i.opened_at, i.resolved_at) / 60.0)
                filter (where i.status = 'RESOLVED'),
            0
        ) as repair_minutes,
        count(*) filter (where i.severity = 'CRITICAL') as qualifying_failure_count,
        count(*) filter (
            where i.status = 'OPEN'
              and i.opened_at <= p.source_period_end
              and (i.resolved_at is null or i.resolved_at > p.source_period_end)
        ) as active_incidents
    from "portflow"."main"."fct_incidents" i
    join telemetry_period p on p.terminal_id = 'TM-001'
    group by p.terminal_id
),
alarm_metrics as (
    select
        p.terminal_id,
        count(*) filter (
            where a.severity = 'CRITICAL'
              and a.opened_at between p.source_period_start and p.source_period_end
        ) as critical_alarms
    from "portflow"."main"."stg_alarms" a
    cross join telemetry_period p
    group by p.terminal_id
)
select
    p.terminal_id,
    p.source_period_start,
    p.source_period_end,
    p.available_intervals,
    p.scheduled_intervals,
    p.active_intervals,
    p.available_time_minutes,
    coalesce(i.resolved_incident_count, 0) as resolved_incident_count,
    coalesce(i.repair_minutes, 0) as repair_minutes,
    coalesce(i.qualifying_failure_count, 0) as qualifying_failure_count,
    p.scheduled_intervals * 5.0 / 60.0 as operating_hours,
    coalesce(m.throughput, 0) as throughput,
    m.average_dwell_minutes,
    case
        when p.scheduled_intervals = 0 then null
        else p.available_intervals * 1.0 / p.scheduled_intervals
    end as availability,
    case
        when p.available_intervals = 0 then null
        else p.active_intervals * 1.0 / p.available_intervals
    end as utilization,
    case
        when coalesce(i.resolved_incident_count, 0) = 0 then null
        else i.repair_minutes / i.resolved_incident_count
    end as mttr_minutes,
    case
        when coalesce(i.qualifying_failure_count, 0) = 0 then null
        else (p.scheduled_intervals * 5.0 / 60.0) / i.qualifying_failure_count
    end as mtbf_hours,
    coalesce(i.active_incidents, 0) as active_incidents,
    coalesce(a.critical_alarms, 0) as critical_alarms
from telemetry_period p
left join movement_metrics m on m.terminal_id = p.terminal_id
left join incident_metrics i on i.terminal_id = p.terminal_id
left join alarm_metrics a on a.terminal_id = p.terminal_id
    );
    
  
[0m00:16:04.222632 [debug] [Thread-1 (]: SQL status: OK in 0.017 seconds
[0m00:16:04.226153 [debug] [Thread-1 (]: Using duckdb connection "model.portflow.overview_kpis"
[0m00:16:04.226153 [debug] [Thread-1 (]: On model.portflow.overview_kpis: /* {"app": "dbt", "dbt_version": "1.12.3", "profile_name": "portflow", "target_name": "local", "node_id": "model.portflow.overview_kpis"} */
alter table "portflow"."main"."overview_kpis__dbt_tmp" rename to "overview_kpis"
[0m00:16:04.227215 [debug] [Thread-1 (]: SQL status: OK in 0.000 seconds
[0m00:16:04.229247 [debug] [Thread-1 (]: On model.portflow.overview_kpis: COMMIT
[0m00:16:04.229247 [debug] [Thread-1 (]: Using duckdb connection "model.portflow.overview_kpis"
[0m00:16:04.229247 [debug] [Thread-1 (]: On model.portflow.overview_kpis: COMMIT
[0m00:16:04.233529 [debug] [Thread-1 (]: SQL status: OK in 0.003 seconds
[0m00:16:04.234594 [debug] [Thread-1 (]: Using duckdb connection "model.portflow.overview_kpis"
[0m00:16:04.235594 [debug] [Thread-1 (]: On model.portflow.overview_kpis: /* {"app": "dbt", "dbt_version": "1.12.3", "profile_name": "portflow", "target_name": "local", "node_id": "model.portflow.overview_kpis"} */

      drop table if exists "portflow"."main"."overview_kpis__dbt_backup" cascade
    
[0m00:16:04.236492 [debug] [Thread-1 (]: SQL status: OK in 0.000 seconds
[0m00:16:04.237594 [debug] [Thread-1 (]: On model.portflow.overview_kpis: Close
[0m00:16:04.237594 [debug] [Thread-1 (]: Sending event: {'category': 'dbt', 'action': 'run_model', 'label': 'c7a06575-4453-4107-9113-6edf752177a0', 'context': [<snowplow_tracker.self_describing_json.SelfDescribingJson object at 0x000002A795EA8FB0>]}
[0m00:16:04.238599 [info ] [Thread-1 (]: 25 of 31 OK created sql table model main.overview_kpis ......................... [[32mOK[0m in 0.04s]
[0m00:16:04.239488 [debug] [Thread-1 (]: Finished running node model.portflow.overview_kpis
[0m00:16:04.239488 [debug] [Thread-1 (]: Began running node test.portflow.assert_overview_kpis_reconcile
[0m00:16:04.240534 [info ] [Thread-1 (]: 26 of 31 START test assert_overview_kpis_reconcile ............................. [RUN]
[0m00:16:04.241083 [debug] [Thread-1 (]: Re-using an available connection from the pool (formerly model.portflow.overview_kpis, now test.portflow.assert_overview_kpis_reconcile)
[0m00:16:04.241083 [debug] [Thread-1 (]: Began compiling node test.portflow.assert_overview_kpis_reconcile
[0m00:16:04.243189 [debug] [Thread-1 (]: Writing injected SQL for node "test.portflow.assert_overview_kpis_reconcile"
[0m00:16:04.244187 [debug] [Thread-1 (]: Began executing node test.portflow.assert_overview_kpis_reconcile
[0m00:16:04.246558 [debug] [Thread-1 (]: Writing runtime sql for node "test.portflow.assert_overview_kpis_reconcile"
[0m00:16:04.247193 [debug] [Thread-1 (]: Using duckdb connection "test.portflow.assert_overview_kpis_reconcile"
[0m00:16:04.248473 [debug] [Thread-1 (]: On test.portflow.assert_overview_kpis_reconcile: BEGIN
[0m00:16:04.248473 [debug] [Thread-1 (]: Opening a new connection, currently in state closed
[0m00:16:04.249186 [debug] [Thread-1 (]: SQL status: OK in 0.001 seconds
[0m00:16:04.249186 [debug] [Thread-1 (]: Using duckdb connection "test.portflow.assert_overview_kpis_reconcile"
[0m00:16:04.250452 [debug] [Thread-1 (]: On test.portflow.assert_overview_kpis_reconcile: /* {"app": "dbt", "dbt_version": "1.12.3", "profile_name": "portflow", "target_name": "local", "node_id": "test.portflow.assert_overview_kpis_reconcile"} */

    
    select
      count(*) as failures,
      count(*) != 0 as should_warn,
      count(*) != 0 as should_error
    from (
      
    
  select *
from "portflow"."main"."overview_kpis"
where availability < 0
   or availability > 1
   or utilization < 0
   or utilization > 1
  
  
      
    ) dbt_internal_test
[0m00:16:04.251968 [debug] [Thread-1 (]: SQL status: OK in 0.001 seconds
[0m00:16:04.252978 [debug] [Thread-1 (]: On test.portflow.assert_overview_kpis_reconcile: ROLLBACK
[0m00:16:04.253985 [debug] [Thread-1 (]: On test.portflow.assert_overview_kpis_reconcile: Close
[0m00:16:04.253985 [info ] [Thread-1 (]: 26 of 31 PASS assert_overview_kpis_reconcile ................................... [[32mPASS[0m in 0.01s]
[0m00:16:04.254985 [debug] [Thread-1 (]: Finished running node test.portflow.assert_overview_kpis_reconcile
[0m00:16:04.254985 [debug] [Thread-1 (]: Began running node test.portflow.not_null_overview_kpis_availability.6af25e5138
[0m00:16:04.255987 [info ] [Thread-1 (]: 27 of 31 START test not_null_overview_kpis_availability ........................ [RUN]
[0m00:16:04.255987 [debug] [Thread-1 (]: Re-using an available connection from the pool (formerly test.portflow.assert_overview_kpis_reconcile, now test.portflow.not_null_overview_kpis_availability.6af25e5138)
[0m00:16:04.255987 [debug] [Thread-1 (]: Began compiling node test.portflow.not_null_overview_kpis_availability.6af25e5138
[0m00:16:04.262682 [debug] [Thread-1 (]: Writing injected SQL for node "test.portflow.not_null_overview_kpis_availability.6af25e5138"
[0m00:16:04.264690 [debug] [Thread-1 (]: Began executing node test.portflow.not_null_overview_kpis_availability.6af25e5138
[0m00:16:04.265693 [debug] [Thread-1 (]: Writing runtime sql for node "test.portflow.not_null_overview_kpis_availability.6af25e5138"
[0m00:16:04.267199 [debug] [Thread-1 (]: Using duckdb connection "test.portflow.not_null_overview_kpis_availability.6af25e5138"
[0m00:16:04.267199 [debug] [Thread-1 (]: On test.portflow.not_null_overview_kpis_availability.6af25e5138: BEGIN
[0m00:16:04.267199 [debug] [Thread-1 (]: Opening a new connection, currently in state closed
[0m00:16:04.268207 [debug] [Thread-1 (]: SQL status: OK in 0.001 seconds
[0m00:16:04.269207 [debug] [Thread-1 (]: Using duckdb connection "test.portflow.not_null_overview_kpis_availability.6af25e5138"
[0m00:16:04.269207 [debug] [Thread-1 (]: On test.portflow.not_null_overview_kpis_availability.6af25e5138: /* {"app": "dbt", "dbt_version": "1.12.3", "profile_name": "portflow", "target_name": "local", "node_id": "test.portflow.not_null_overview_kpis_availability.6af25e5138"} */

    
    select
      count(*) as failures,
      count(*) != 0 as should_warn,
      count(*) != 0 as should_error
    from (
      
    
  
    
    



select availability
from "portflow"."main"."overview_kpis"
where availability is null



  
  
      
    ) dbt_internal_test
[0m00:16:04.270716 [debug] [Thread-1 (]: SQL status: OK in 0.001 seconds
[0m00:16:04.272272 [debug] [Thread-1 (]: On test.portflow.not_null_overview_kpis_availability.6af25e5138: ROLLBACK
[0m00:16:04.272272 [debug] [Thread-1 (]: On test.portflow.not_null_overview_kpis_availability.6af25e5138: Close
[0m00:16:04.273321 [info ] [Thread-1 (]: 27 of 31 PASS not_null_overview_kpis_availability .............................. [[32mPASS[0m in 0.02s]
[0m00:16:04.273321 [debug] [Thread-1 (]: Finished running node test.portflow.not_null_overview_kpis_availability.6af25e5138
[0m00:16:04.274326 [debug] [Thread-1 (]: Began running node test.portflow.not_null_overview_kpis_source_period_end.8c4cd4c5ae
[0m00:16:04.274326 [info ] [Thread-1 (]: 28 of 31 START test not_null_overview_kpis_source_period_end ................... [RUN]
[0m00:16:04.274326 [debug] [Thread-1 (]: Re-using an available connection from the pool (formerly test.portflow.not_null_overview_kpis_availability.6af25e5138, now test.portflow.not_null_overview_kpis_source_period_end.8c4cd4c5ae)
[0m00:16:04.275874 [debug] [Thread-1 (]: Began compiling node test.portflow.not_null_overview_kpis_source_period_end.8c4cd4c5ae
[0m00:16:04.284189 [debug] [Thread-1 (]: Writing injected SQL for node "test.portflow.not_null_overview_kpis_source_period_end.8c4cd4c5ae"
[0m00:16:04.285189 [debug] [Thread-1 (]: Began executing node test.portflow.not_null_overview_kpis_source_period_end.8c4cd4c5ae
[0m00:16:04.287555 [debug] [Thread-1 (]: Writing runtime sql for node "test.portflow.not_null_overview_kpis_source_period_end.8c4cd4c5ae"
[0m00:16:04.288560 [debug] [Thread-1 (]: Using duckdb connection "test.portflow.not_null_overview_kpis_source_period_end.8c4cd4c5ae"
[0m00:16:04.289921 [debug] [Thread-1 (]: On test.portflow.not_null_overview_kpis_source_period_end.8c4cd4c5ae: BEGIN
[0m00:16:04.289921 [debug] [Thread-1 (]: Opening a new connection, currently in state closed
[0m00:16:04.290530 [debug] [Thread-1 (]: SQL status: OK in 0.001 seconds
[0m00:16:04.291546 [debug] [Thread-1 (]: Using duckdb connection "test.portflow.not_null_overview_kpis_source_period_end.8c4cd4c5ae"
[0m00:16:04.291546 [debug] [Thread-1 (]: On test.portflow.not_null_overview_kpis_source_period_end.8c4cd4c5ae: /* {"app": "dbt", "dbt_version": "1.12.3", "profile_name": "portflow", "target_name": "local", "node_id": "test.portflow.not_null_overview_kpis_source_period_end.8c4cd4c5ae"} */

    
    select
      count(*) as failures,
      count(*) != 0 as should_warn,
      count(*) != 0 as should_error
    from (
      
    
  
    
    



select source_period_end
from "portflow"."main"."overview_kpis"
where source_period_end is null



  
  
      
    ) dbt_internal_test
[0m00:16:04.293057 [debug] [Thread-1 (]: SQL status: OK in 0.001 seconds
[0m00:16:04.294869 [debug] [Thread-1 (]: On test.portflow.not_null_overview_kpis_source_period_end.8c4cd4c5ae: ROLLBACK
[0m00:16:04.294869 [debug] [Thread-1 (]: On test.portflow.not_null_overview_kpis_source_period_end.8c4cd4c5ae: Close
[0m00:16:04.295942 [info ] [Thread-1 (]: 28 of 31 PASS not_null_overview_kpis_source_period_end ......................... [[32mPASS[0m in 0.02s]
[0m00:16:04.296920 [debug] [Thread-1 (]: Finished running node test.portflow.not_null_overview_kpis_source_period_end.8c4cd4c5ae
[0m00:16:04.296920 [debug] [Thread-1 (]: Began running node test.portflow.not_null_overview_kpis_source_period_start.e9da0d13e6
[0m00:16:04.296920 [info ] [Thread-1 (]: 29 of 31 START test not_null_overview_kpis_source_period_start ................. [RUN]
[0m00:16:04.297884 [debug] [Thread-1 (]: Re-using an available connection from the pool (formerly test.portflow.not_null_overview_kpis_source_period_end.8c4cd4c5ae, now test.portflow.not_null_overview_kpis_source_period_start.e9da0d13e6)
[0m00:16:04.297884 [debug] [Thread-1 (]: Began compiling node test.portflow.not_null_overview_kpis_source_period_start.e9da0d13e6
[0m00:16:04.304399 [debug] [Thread-1 (]: Writing injected SQL for node "test.portflow.not_null_overview_kpis_source_period_start.e9da0d13e6"
[0m00:16:04.305401 [debug] [Thread-1 (]: Began executing node test.portflow.not_null_overview_kpis_source_period_start.e9da0d13e6
[0m00:16:04.307297 [debug] [Thread-1 (]: Writing runtime sql for node "test.portflow.not_null_overview_kpis_source_period_start.e9da0d13e6"
[0m00:16:04.308314 [debug] [Thread-1 (]: Using duckdb connection "test.portflow.not_null_overview_kpis_source_period_start.e9da0d13e6"
[0m00:16:04.309296 [debug] [Thread-1 (]: On test.portflow.not_null_overview_kpis_source_period_start.e9da0d13e6: BEGIN
[0m00:16:04.309296 [debug] [Thread-1 (]: Opening a new connection, currently in state closed
[0m00:16:04.310592 [debug] [Thread-1 (]: SQL status: OK in 0.001 seconds
[0m00:16:04.310592 [debug] [Thread-1 (]: Using duckdb connection "test.portflow.not_null_overview_kpis_source_period_start.e9da0d13e6"
[0m00:16:04.311601 [debug] [Thread-1 (]: On test.portflow.not_null_overview_kpis_source_period_start.e9da0d13e6: /* {"app": "dbt", "dbt_version": "1.12.3", "profile_name": "portflow", "target_name": "local", "node_id": "test.portflow.not_null_overview_kpis_source_period_start.e9da0d13e6"} */

    
    select
      count(*) as failures,
      count(*) != 0 as should_warn,
      count(*) != 0 as should_error
    from (
      
    
  
    
    



select source_period_start
from "portflow"."main"."overview_kpis"
where source_period_start is null



  
  
      
    ) dbt_internal_test
[0m00:16:04.312602 [debug] [Thread-1 (]: SQL status: OK in 0.001 seconds
[0m00:16:04.314109 [debug] [Thread-1 (]: On test.portflow.not_null_overview_kpis_source_period_start.e9da0d13e6: ROLLBACK
[0m00:16:04.315118 [debug] [Thread-1 (]: On test.portflow.not_null_overview_kpis_source_period_start.e9da0d13e6: Close
[0m00:16:04.316119 [info ] [Thread-1 (]: 29 of 31 PASS not_null_overview_kpis_source_period_start ....................... [[32mPASS[0m in 0.02s]
[0m00:16:04.317118 [debug] [Thread-1 (]: Finished running node test.portflow.not_null_overview_kpis_source_period_start.e9da0d13e6
[0m00:16:04.317118 [debug] [Thread-1 (]: Began running node test.portflow.not_null_overview_kpis_terminal_id.35136acfa6
[0m00:16:04.318120 [info ] [Thread-1 (]: 30 of 31 START test not_null_overview_kpis_terminal_id ......................... [RUN]
[0m00:16:04.318120 [debug] [Thread-1 (]: Re-using an available connection from the pool (formerly test.portflow.not_null_overview_kpis_source_period_start.e9da0d13e6, now test.portflow.not_null_overview_kpis_terminal_id.35136acfa6)
[0m00:16:04.318120 [debug] [Thread-1 (]: Began compiling node test.portflow.not_null_overview_kpis_terminal_id.35136acfa6
[0m00:16:04.324746 [debug] [Thread-1 (]: Writing injected SQL for node "test.portflow.not_null_overview_kpis_terminal_id.35136acfa6"
[0m00:16:04.325857 [debug] [Thread-1 (]: Began executing node test.portflow.not_null_overview_kpis_terminal_id.35136acfa6
[0m00:16:04.328868 [debug] [Thread-1 (]: Writing runtime sql for node "test.portflow.not_null_overview_kpis_terminal_id.35136acfa6"
[0m00:16:04.329869 [debug] [Thread-1 (]: Using duckdb connection "test.portflow.not_null_overview_kpis_terminal_id.35136acfa6"
[0m00:16:04.330868 [debug] [Thread-1 (]: On test.portflow.not_null_overview_kpis_terminal_id.35136acfa6: BEGIN
[0m00:16:04.331376 [debug] [Thread-1 (]: Opening a new connection, currently in state closed
[0m00:16:04.332387 [debug] [Thread-1 (]: SQL status: OK in 0.001 seconds
[0m00:16:04.333389 [debug] [Thread-1 (]: Using duckdb connection "test.portflow.not_null_overview_kpis_terminal_id.35136acfa6"
[0m00:16:04.333389 [debug] [Thread-1 (]: On test.portflow.not_null_overview_kpis_terminal_id.35136acfa6: /* {"app": "dbt", "dbt_version": "1.12.3", "profile_name": "portflow", "target_name": "local", "node_id": "test.portflow.not_null_overview_kpis_terminal_id.35136acfa6"} */

    
    select
      count(*) as failures,
      count(*) != 0 as should_warn,
      count(*) != 0 as should_error
    from (
      
    
  
    
    



select terminal_id
from "portflow"."main"."overview_kpis"
where terminal_id is null



  
  
      
    ) dbt_internal_test
[0m00:16:04.334896 [debug] [Thread-1 (]: SQL status: OK in 0.001 seconds
[0m00:16:04.336999 [debug] [Thread-1 (]: On test.portflow.not_null_overview_kpis_terminal_id.35136acfa6: ROLLBACK
[0m00:16:04.337905 [debug] [Thread-1 (]: On test.portflow.not_null_overview_kpis_terminal_id.35136acfa6: Close
[0m00:16:04.337905 [info ] [Thread-1 (]: 30 of 31 PASS not_null_overview_kpis_terminal_id ............................... [[32mPASS[0m in 0.02s]
[0m00:16:04.338910 [debug] [Thread-1 (]: Finished running node test.portflow.not_null_overview_kpis_terminal_id.35136acfa6
[0m00:16:04.338910 [debug] [Thread-1 (]: Began running node test.portflow.unique_overview_kpis_terminal_id.642feb910c
[0m00:16:04.338910 [info ] [Thread-1 (]: 31 of 31 START test unique_overview_kpis_terminal_id ........................... [RUN]
[0m00:16:04.340418 [debug] [Thread-1 (]: Re-using an available connection from the pool (formerly test.portflow.not_null_overview_kpis_terminal_id.35136acfa6, now test.portflow.unique_overview_kpis_terminal_id.642feb910c)
[0m00:16:04.340418 [debug] [Thread-1 (]: Began compiling node test.portflow.unique_overview_kpis_terminal_id.642feb910c
[0m00:16:04.346735 [debug] [Thread-1 (]: Writing injected SQL for node "test.portflow.unique_overview_kpis_terminal_id.642feb910c"
[0m00:16:04.347842 [debug] [Thread-1 (]: Began executing node test.portflow.unique_overview_kpis_terminal_id.642feb910c
[0m00:16:04.349324 [debug] [Thread-1 (]: Writing runtime sql for node "test.portflow.unique_overview_kpis_terminal_id.642feb910c"
[0m00:16:04.350846 [debug] [Thread-1 (]: Using duckdb connection "test.portflow.unique_overview_kpis_terminal_id.642feb910c"
[0m00:16:04.351860 [debug] [Thread-1 (]: On test.portflow.unique_overview_kpis_terminal_id.642feb910c: BEGIN
[0m00:16:04.351860 [debug] [Thread-1 (]: Opening a new connection, currently in state closed
[0m00:16:04.352954 [debug] [Thread-1 (]: SQL status: OK in 0.001 seconds
[0m00:16:04.352954 [debug] [Thread-1 (]: Using duckdb connection "test.portflow.unique_overview_kpis_terminal_id.642feb910c"
[0m00:16:04.353961 [debug] [Thread-1 (]: On test.portflow.unique_overview_kpis_terminal_id.642feb910c: /* {"app": "dbt", "dbt_version": "1.12.3", "profile_name": "portflow", "target_name": "local", "node_id": "test.portflow.unique_overview_kpis_terminal_id.642feb910c"} */

    
    select
      count(*) as failures,
      count(*) != 0 as should_warn,
      count(*) != 0 as should_error
    from (
      
    
  
    
    

select
    terminal_id as unique_field,
    count(*) as n_records

from "portflow"."main"."overview_kpis"
where terminal_id is not null
group by terminal_id
having count(*) > 1



  
  
      
    ) dbt_internal_test
[0m00:16:04.355469 [debug] [Thread-1 (]: SQL status: OK in 0.001 seconds
[0m00:16:04.357104 [debug] [Thread-1 (]: On test.portflow.unique_overview_kpis_terminal_id.642feb910c: ROLLBACK
[0m00:16:04.358113 [debug] [Thread-1 (]: On test.portflow.unique_overview_kpis_terminal_id.642feb910c: Close
[0m00:16:04.358113 [info ] [Thread-1 (]: 31 of 31 PASS unique_overview_kpis_terminal_id ................................. [[32mPASS[0m in 0.02s]
[0m00:16:04.359118 [debug] [Thread-1 (]: Finished running node test.portflow.unique_overview_kpis_terminal_id.642feb910c
[0m00:16:04.360673 [debug] [MainThread]: Using duckdb connection "master"
[0m00:16:04.360673 [debug] [MainThread]: On master: BEGIN
[0m00:16:04.361726 [debug] [MainThread]: Opening a new connection, currently in state closed
[0m00:16:04.362688 [debug] [MainThread]: SQL status: OK in 0.001 seconds
[0m00:16:04.362688 [debug] [MainThread]: On master: COMMIT
[0m00:16:04.362688 [debug] [MainThread]: Using duckdb connection "master"
[0m00:16:04.363686 [debug] [MainThread]: On master: COMMIT
[0m00:16:04.363686 [debug] [MainThread]: SQL status: OK in 0.000 seconds
[0m00:16:04.363686 [debug] [MainThread]: On master: Close
[0m00:16:04.364686 [debug] [MainThread]: Connection 'master' was properly closed.
[0m00:16:04.364686 [debug] [MainThread]: Connection 'create_portflow_main' was properly closed.
[0m00:16:04.364686 [debug] [MainThread]: Connection 'list_portflow_main' was properly closed.
[0m00:16:04.364686 [debug] [MainThread]: Connection 'test.portflow.unique_overview_kpis_terminal_id.642feb910c' was properly closed.
[0m00:16:04.364686 [info ] [MainThread]: 
[0m00:16:04.366197 [info ] [MainThread]: Finished running 4 table models, 22 data tests, 5 view models in 0 hours 0 minutes and 1.31 seconds (1.31s).
[0m00:16:04.368724 [debug] [MainThread]: Command end result
[0m00:16:04.399339 [debug] [MainThread]: Wrote artifact WritableManifest to C:\Users\aliha\PortFlow\.worktrees\portflow-v1\analytics\target\manifest.json
[0m00:16:04.403875 [debug] [MainThread]: Wrote artifact SemanticManifest to C:\Users\aliha\PortFlow\.worktrees\portflow-v1\analytics\target\semantic_manifest.json
[0m00:16:04.408023 [debug] [MainThread]: Wrote artifact OsiDocument to C:\Users\aliha\PortFlow\.worktrees\portflow-v1\analytics\target\osi_document.json
[0m00:16:04.416060 [debug] [MainThread]: Wrote artifact RunExecutionResult to C:\Users\aliha\PortFlow\.worktrees\portflow-v1\analytics\target\run_results.json
[0m00:16:04.416060 [info ] [MainThread]: 
[0m00:16:04.417061 [info ] [MainThread]: [32mCompleted successfully[0m
[0m00:16:04.417061 [info ] [MainThread]: 
[0m00:16:04.417061 [info ] [MainThread]: Done. PASS=31 WARN=0 ERROR=0 SKIP=0 NO-OP=0 REUSED=0 TOTAL=31
[0m00:16:04.417061 [warn ] [MainThread]: [[33mWARNING[0m][DeprecationsSummary]: Deprecated functionality
Summary of encountered deprecations:
- MissingArgumentsPropertyInGenericTestDeprecation: 5 occurrences
To see all deprecation instances instead of just the first occurrence of each,
run command again with the `--show-all-deprecations` flag. You may also need to
run with `--no-partial-parse` as some deprecations are only encountered during
parsing.
[0m00:16:04.418570 [debug] [MainThread]: Command `dbt build` succeeded at 00:16:04.418570 after 4.11 seconds
[0m00:16:04.419580 [debug] [MainThread]: Sending event: {'category': 'dbt', 'action': 'invocation', 'label': 'end', 'context': [<snowplow_tracker.self_describing_json.SelfDescribingJson object at 0x000002A79265EB40>, <snowplow_tracker.self_describing_json.SelfDescribingJson object at 0x000002A7941A3380>, <snowplow_tracker.self_describing_json.SelfDescribingJson object at 0x000002A79223E660>]}
[0m00:16:04.420356 [debug] [MainThread]: Flushing usage events
[0m00:16:05.599281 [debug] [MainThread]: An error was encountered while trying to flush usage events
